customer_id,invoice_id,date,time,quantity,total,payment,customer_type,product_line,branch_name,unit_price
0,750-67-8428,1/5/2019,13:08,7,548.9715,Ewallet,Member,Health and beauty,A,74.69
1,226-31-3081,3/8/2019,10:29,5,80.22,Cash,Normal,Electronic accessories,C,15.28
2,631-41-3108,3/3/2019,13:23,7,340.5255,Credit card,Normal,Home and lifestyle,A,46.33
3,123-19-1176,1/27/2019,20:33,8,489.048,Ewallet,Member,Health and beauty,A,58.22
4,373-73-7910,2/8/2019,10:37,7,634.3785,Ewallet,Normal,Sports and travel,A,86.31
5,699-14-3026,3/25/2019,18:30,7,627.6165,Ewallet,Normal,Electronic accessories,C,85.39
6,355-53-5943,2/25/2019,14:36,6,433.692,Ewallet,Member,Electronic accessories,A,68.84
7,315-22-5665,2/24/2019,11:38,10,772.38,Ewallet,Normal,Home and lifestyle,C,73.56
8,665-32-9167,1/10/2019,17:15,2,76.146,Credit card,Member,Health and beauty,A,36.26
9,692-92-5582,2/20/2019,13:27,3,172.746,Credit card,Member,Food and beverages,B,54.84
10,351-62-0822,2/6/2019,18:07,4,60.816,Ewallet,Member,Fashion accessories,B,14.48
11,529-56-3974,3/9/2019,17:03,4,107.142,Cash,Member,Electronic accessories,B,25.51
12,365-64-0515,2/12/2019,10:25,5,246.4875,Ewallet,Normal,Electronic accessories,A,46.95
13,252-56-2699,2/7/2019,16:48,10,453.495,Ewallet,Normal,Food and beverages,A,43.19
14,829-34-3910,3/29/2019,19:21,10,749.49,Cash,Normal,Health and beauty,A,71.38
15,299-46-1805,1/15/2019,16:19,6,590.436,Cash,Member,Sports and travel,B,93.72
16,656-95-9349,3/11/2019,11:03,7,506.6355,Credit card,Member,Health and beauty,A,68.93
17,765-26-6951,1/1/2019,10:39,6,457.443,Credit card,Normal,Sports and travel,A,72.61
18,329-62-1586,1/21/2019,18:00,3,172.2105,Credit card,Normal,Food and beverages,A,54.67
19,319-50-3348,3/11/2019,15:30,2,84.63,Ewallet,Normal,Home and lifestyle,B,40.3
20,300-71-4605,2/25/2019,11:24,5,451.71,Ewallet,Member,Electronic accessories,C,86.04
21,371-85-5789,3/5/2019,10:40,3,277.137,Ewallet,Normal,Health and beauty,B,87.98
22,273-16-6619,3/15/2019,12:20,2,69.72,Credit card,Normal,Home and lifestyle,B,33.2
23,636-48-8204,2/17/2019,11:15,5,181.44,Ewallet,Normal,Electronic accessories,A,34.56
24,549-59-1358,3/2/2019,17:36,3,279.1845,Ewallet,Member,Sports and travel,A,88.63
25,227-03-5010,3/22/2019,19:20,8,441.756,Credit card,Member,Home and lifestyle,A,52.59
26,649-29-6775,2/8/2019,15:31,1,35.196,Cash,Normal,Fashion accessories,B,33.52
27,189-17-4241,3/10/2019,12:17,2,184.107,Credit card,Normal,Fashion accessories,A,87.67
28,145-94-9061,1/25/2019,19:48,5,463.89,Cash,Normal,Food and beverages,B,88.36
29,848-62-7243,3/15/2019,15:36,9,235.2105,Cash,Normal,Health and beauty,A,24.89
30,871-79-8483,2/25/2019,19:39,5,494.1825,Credit card,Normal,Fashion accessories,B,94.13
31,149-71-6266,1/28/2019,12:43,9,737.7615,Cash,Member,Sports and travel,B,78.07
32,640-49-2076,1/10/2019,14:49,8,703.752,Cash,Normal,Sports and travel,B,83.78
33,595-11-5460,3/15/2019,10:12,2,202.818,Credit card,Normal,Health and beauty,A,96.58
34,183-56-6882,2/6/2019,10:42,4,417.564,Ewallet,Member,Food and beverages,C,99.42
35,232-16-2483,1/7/2019,12:28,1,71.526,Ewallet,Member,Sports and travel,C,68.12
36,129-29-8530,3/10/2019,19:15,5,328.755,Ewallet,Member,Sports and travel,A,62.62
37,272-65-1806,1/15/2019,17:17,9,575.316,Ewallet,Normal,Electronic accessories,A,60.88
38,333-73-7901,3/23/2019,13:24,8,461.328,Ewallet,Normal,Health and beauty,C,54.92
39,777-82-7220,3/3/2019,13:01,8,253.008,Cash,Member,Home and lifestyle,B,30.12
40,280-35-5823,1/17/2019,18:45,1,91.056,Ewallet,Member,Home and lifestyle,B,86.72
41,554-53-8700,2/2/2019,10:11,2,117.831,Cash,Member,Home and lifestyle,C,56.11
42,354-25-5821,2/8/2019,13:03,6,435.456,Cash,Member,Sports and travel,B,69.12
43,228-96-1411,3/4/2019,20:39,8,829.08,Cash,Member,Food and beverages,C,98.7
44,617-15-4209,3/16/2019,19:47,2,32.277,Cash,Member,Health and beauty,C,15.37
45,132-32-9879,3/9/2019,18:00,4,394.632,Cash,Member,Electronic accessories,B,93.96
46,370-41-7321,2/27/2019,17:24,9,535.7205,Credit card,Member,Health and beauty,B,56.69
47,727-46-3608,2/6/2019,15:47,9,189.0945,Ewallet,Member,Food and beverages,B,20.01
48,669-54-1719,2/10/2019,12:45,6,119.259,Credit card,Member,Electronic accessories,B,18.93
49,574-22-5561,3/19/2019,17:08,10,867.615,Ewallet,Member,Fashion accessories,C,82.63
50,326-78-5178,2/3/2019,10:19,7,671.79,Cash,Member,Food and beverages,C,91.4
51,162-48-8011,2/10/2019,15:10,5,234.0975,Cash,Member,Food and beverages,A,44.59
52,616-24-2851,3/22/2019,14:42,4,75.054,Ewallet,Member,Fashion accessories,B,17.87
53,778-71-5554,1/25/2019,15:46,1,16.2015,Credit card,Member,Fashion accessories,C,15.43
54,242-55-6721,3/7/2019,11:49,2,33.936,Ewallet,Normal,Home and lifestyle,B,16.16
55,399-46-5918,2/28/2019,19:01,8,722.232,Cash,Normal,Electronic accessories,C,85.98
56,106-35-6779,3/27/2019,11:26,2,93.114,Cash,Member,Home and lifestyle,A,44.34
57,635-40-6220,2/7/2019,11:28,8,752.64,Ewallet,Normal,Health and beauty,A,89.6
58,817-48-8732,1/20/2019,15:55,10,759.675,Cash,Member,Home and lifestyle,A,72.35
59,120-06-4233,3/12/2019,20:36,6,192.843,Cash,Normal,Electronic accessories,C,30.61
60,285-68-5083,2/15/2019,17:47,3,77.931,Credit card,Member,Sports and travel,C,24.74
61,803-83-5989,2/24/2019,10:55,6,351.099,Ewallet,Normal,Home and lifestyle,C,55.73
62,347-34-2234,2/3/2019,13:40,9,520.4115,Ewallet,Member,Sports and travel,B,55.07
63,199-75-8169,3/6/2019,12:27,10,166.005,Credit card,Member,Sports and travel,A,15.81
64,853-23-2453,2/14/2019,14:35,4,318.108,Cash,Member,Health and beauty,B,75.74
65,877-22-3308,3/13/2019,16:40,10,166.635,Cash,Member,Health and beauty,A,15.87
66,838-78-4295,2/10/2019,15:43,2,70.287,Ewallet,Normal,Health and beauty,C,33.47
67,109-28-2512,1/7/2019,15:01,6,614.943,Ewallet,Member,Fashion accessories,B,97.61
68,232-11-3025,1/24/2019,10:04,10,827.085,Cash,Normal,Sports and travel,A,78.77
69,382-03-4532,2/2/2019,18:50,1,19.2465,Cash,Member,Health and beauty,A,18.33
70,393-65-2792,1/6/2019,12:46,10,939.54,Credit card,Normal,Food and beverages,C,89.48
71,796-12-2025,2/11/2019,16:19,10,652.26,Cash,Normal,Fashion accessories,C,62.12
72,510-95-6347,3/5/2019,18:17,3,152.838,Ewallet,Member,Food and beverages,B,48.52
73,841-35-6630,3/9/2019,18:21,6,478.233,Cash,Normal,Electronic accessories,C,75.91
74,287-21-9091,1/22/2019,10:55,9,705.6315,Ewallet,Normal,Home and lifestyle,A,74.67
75,732-94-0499,1/13/2019,17:04,10,437.325,Credit card,Normal,Electronic accessories,C,41.65
76,263-10-3913,1/9/2019,14:20,9,463.428,Credit card,Member,Fashion accessories,C,49.04
77,381-20-0914,1/12/2019,15:48,9,189.0945,Credit card,Member,Fashion accessories,A,20.01
78,829-49-1914,3/5/2019,16:24,10,822.255,Ewallet,Member,Food and beverages,C,78.31
79,756-01-7507,1/22/2019,18:56,5,106.995,Cash,Normal,Health and beauty,C,20.38
80,870-72-4431,1/21/2019,14:42,6,624.897,Credit card,Normal,Health and beauty,C,99.19
81,847-38-7188,1/26/2019,19:56,3,304.542,Ewallet,Normal,Food and beverages,B,96.68
82,480-63-2856,1/23/2019,18:37,8,161.7,Ewallet,Normal,Food and beverages,C,19.25
83,787-56-0757,2/23/2019,18:45,4,337.512,Credit card,Member,Food and beverages,C,80.36
84,360-39-5055,3/9/2019,10:17,5,256.7775,Cash,Member,Sports and travel,C,48.91
85,730-50-9884,3/5/2019,14:31,7,610.491,Ewallet,Normal,Sports and travel,C,83.06
86,362-58-8315,3/25/2019,10:23,5,401.73,Cash,Normal,Fashion accessories,C,76.52
87,633-44-8566,3/27/2019,20:35,7,362.943,Credit card,Member,Food and beverages,A,49.38
88,504-35-8843,1/2/2019,16:57,1,44.5935,Cash,Normal,Sports and travel,A,42.47
89,318-68-5053,2/27/2019,17:55,6,485.037,Cash,Normal,Health and beauty,B,76.99
90,565-80-5980,1/23/2019,10:25,4,198.996,Cash,Member,Home and lifestyle,C,47.38
91,225-32-0908,1/26/2019,19:54,10,471.03,Ewallet,Normal,Sports and travel,C,44.86
92,873-51-0671,1/10/2019,16:42,7,161.553,Ewallet,Member,Sports and travel,A,21.98
93,152-08-9985,3/12/2019,12:09,9,608.202,Credit card,Member,Health and beauty,B,64.36
94,512-91-0811,2/6/2019,20:05,1,94.2375,Credit card,Normal,Health and beauty,C,89.75
95,594-34-4444,3/8/2019,20:38,1,102.018,Ewallet,Normal,Electronic accessories,A,97.16
96,766-85-7061,3/29/2019,10:25,10,922.635,Ewallet,Normal,Health and beauty,B,87.87
97,871-39-9221,2/9/2019,13:11,6,78.435,Cash,Normal,Electronic accessories,C,12.45
98,865-92-6136,3/23/2019,10:16,3,166.1625,Ewallet,Normal,Food and beverages,A,52.75
99,733-01-9107,3/5/2019,18:14,6,521.01,Cash,Normal,Home and lifestyle,B,82.7
100,163-56-7055,3/26/2019,19:20,1,51.1455,Cash,Member,Fashion accessories,C,48.71
101,189-98-2939,3/1/2019,13:22,9,742.2975,Cash,Normal,Fashion accessories,C,78.55
102,551-21-3069,2/1/2019,11:27,9,218.0115,Cash,Normal,Electronic accessories,C,23.07
103,212-62-1842,3/28/2019,16:44,6,367.038,Cash,Normal,Food and beverages,A,58.26
104,716-39-1409,3/19/2019,18:19,7,223.0725,Cash,Normal,Health and beauty,B,30.35
105,704-48-3927,1/12/2019,14:50,10,931.035,Ewallet,Member,Electronic accessories,A,88.67
106,628-34-3388,1/5/2019,20:54,6,172.494,Credit card,Normal,Fashion accessories,C,27.38
107,630-74-5166,3/22/2019,20:19,6,391.419,Cash,Normal,Sports and travel,A,62.13
108,588-01-7461,3/24/2019,10:43,9,321.111,Cash,Normal,Food and beverages,C,33.98
109,861-77-0145,3/3/2019,14:30,10,860.685,Cash,Member,Electronic accessories,C,81.97
110,479-26-8945,2/5/2019,11:32,2,34.629,Ewallet,Member,Sports and travel,B,16.49
111,210-67-5886,2/5/2019,10:41,3,309.3615,Credit card,Member,Health and beauty,C,98.21
112,227-78-1148,2/15/2019,12:44,7,535.374,Cash,Normal,Fashion accessories,B,72.84
113,645-44-1170,1/19/2019,20:07,9,548.7615,Ewallet,Member,Home and lifestyle,A,58.07
114,237-01-6122,2/1/2019,20:31,9,763.4655,Credit card,Member,Home and lifestyle,C,80.79
115,225-98-1496,3/2/2019,13:01,3,85.113,Credit card,Normal,Fashion accessories,C,27.02
116,291-32-1427,3/5/2019,12:29,5,115.185,Ewallet,Member,Fashion accessories,B,21.94
117,659-65-8956,1/16/2019,15:26,1,53.928,Ewallet,Member,Fashion accessories,B,51.36
118,642-32-2990,2/2/2019,20:48,10,115.08,Ewallet,Normal,Food and beverages,A,10.96
119,378-24-2715,1/20/2019,20:38,2,112.224,Ewallet,Normal,Home and lifestyle,B,53.44
120,638-60-7125,2/14/2019,17:03,8,836.304,Credit card,Normal,Electronic accessories,A,99.56
121,659-36-1684,1/12/2019,12:02,7,419.832,Credit card,Member,Sports and travel,C,57.12
122,219-22-9386,3/9/2019,17:26,9,944.622,Credit card,Member,Sports and travel,B,99.96
123,336-78-2147,3/13/2019,19:52,8,536.844,Credit card,Member,Home and lifestyle,C,63.91
124,268-27-6179,3/9/2019,14:57,8,474.348,Ewallet,Member,Fashion accessories,B,56.47
125,668-90-8900,3/10/2019,18:44,7,688.6215,Credit card,Normal,Home and lifestyle,A,93.69
126,870-54-3162,1/27/2019,13:26,5,169.3125,Cash,Normal,Sports and travel,A,32.25
127,189-08-9157,1/8/2019,16:17,9,299.8485,Credit card,Normal,Fashion accessories,C,31.73
128,663-86-9076,1/8/2019,15:57,8,575.736,Ewallet,Member,Food and beverages,C,68.54
129,549-84-7482,2/8/2019,11:15,9,853.146,Ewallet,Normal,Sports and travel,B,90.28
130,191-10-6171,1/25/2019,13:18,7,291.207,Cash,Normal,Fashion accessories,B,39.62
131,802-70-5316,3/6/2019,20:34,6,580.419,Cash,Member,Sports and travel,A,92.13
132,695-51-0018,2/10/2019,18:36,4,146.328,Cash,Normal,Sports and travel,B,34.84
133,590-83-4591,2/17/2019,14:40,6,550.935,Credit card,Member,Electronic accessories,B,87.45
134,483-71-1164,3/8/2019,16:43,6,512.19,Ewallet,Normal,Health and beauty,C,81.3
135,597-78-7908,2/18/2019,19:39,3,284.193,Cash,Normal,Fashion accessories,C,90.22
136,700-81-1757,1/18/2019,20:59,5,138.1275,Credit card,Normal,Electronic accessories,A,26.31
137,354-39-5160,2/18/2019,15:39,6,216.846,Cash,Member,Home and lifestyle,A,34.42
138,241-72-9525,2/16/2019,12:21,10,545.055,Cash,Normal,Sports and travel,B,51.91
139,575-30-8091,3/16/2019,19:25,8,609.0,Ewallet,Normal,Sports and travel,A,72.5
140,731-81-9469,1/23/2019,13:00,10,942.9,Credit card,Member,Sports and travel,C,89.8
141,280-17-4359,1/25/2019,13:48,10,950.25,Cash,Member,Health and beauty,C,90.5
142,338-65-2210,2/5/2019,19:57,10,720.3,Cash,Member,Health and beauty,C,68.6
143,488-25-4221,2/22/2019,10:36,1,31.9305,Credit card,Member,Food and beverages,C,30.41
144,239-10-7476,1/21/2019,16:37,6,491.085,Ewallet,Normal,Home and lifestyle,A,77.95
145,458-41-1477,3/8/2019,17:11,6,291.438,Credit card,Normal,Health and beauty,C,46.26
146,685-64-1609,2/10/2019,12:28,10,316.47,Ewallet,Member,Fashion accessories,A,30.14
147,568-90-5112,3/19/2019,12:46,4,277.788,Credit card,Normal,Health and beauty,C,66.14
148,262-47-2794,3/6/2019,15:07,8,603.624,Credit card,Member,Home and lifestyle,B,71.86
149,238-49-0436,3/27/2019,13:48,8,272.664,Credit card,Normal,Health and beauty,A,32.46
150,608-96-3517,3/23/2019,19:20,4,384.468,Credit card,Member,Fashion accessories,B,91.54
151,584-86-7256,3/11/2019,16:07,7,254.016,Credit card,Member,Sports and travel,C,34.56
152,746-94-0204,1/29/2019,11:56,9,786.618,Credit card,Normal,Fashion accessories,A,83.24
153,214-17-6927,2/7/2019,18:23,6,103.824,Ewallet,Normal,Food and beverages,C,16.48
154,400-89-4171,1/28/2019,13:05,8,680.148,Cash,Normal,Sports and travel,C,80.97
155,782-95-9291,2/20/2019,15:55,5,484.5225,Credit card,Member,Food and beverages,A,92.29
156,279-74-2924,1/4/2019,19:40,1,75.7785,Cash,Member,Electronic accessories,B,72.17
157,307-85-2293,3/7/2019,13:58,5,263.97,Ewallet,Normal,Home and lifestyle,B,50.28
158,743-04-1105,3/30/2019,14:43,9,918.729,Ewallet,Member,Health and beauty,B,97.22
159,423-57-2993,3/27/2019,19:18,6,588.357,Ewallet,Normal,Sports and travel,B,93.39
160,894-41-5205,1/19/2019,19:39,8,362.712,Credit card,Normal,Food and beverages,C,43.18
161,275-28-0149,2/25/2019,16:21,1,66.8745,Cash,Normal,Sports and travel,A,63.69
162,101-17-6199,3/13/2019,19:44,7,336.5565,Credit card,Normal,Food and beverages,A,45.79
163,423-80-0988,1/30/2019,19:42,2,160.44,Ewallet,Normal,Sports and travel,C,76.4
164,548-46-9322,2/20/2019,15:24,10,418.95,Credit card,Normal,Food and beverages,B,39.9
165,505-02-0892,2/25/2019,14:12,8,357.588,Ewallet,Member,Health and beauty,B,42.57
166,234-65-2137,1/16/2019,13:32,10,1003.59,Cash,Normal,Home and lifestyle,C,95.58
167,687-47-8271,2/8/2019,16:20,10,1039.29,Credit card,Normal,Fashion accessories,A,98.98
168,796-32-9050,1/19/2019,16:31,6,323.064,Cash,Normal,Food and beverages,A,51.28
169,105-31-1824,2/1/2019,15:10,7,510.972,Credit card,Member,Sports and travel,A,69.52
170,249-42-3782,1/3/2019,11:36,5,367.5525,Ewallet,Normal,Health and beauty,A,70.01
171,316-55-4634,1/26/2019,12:45,5,420.2625,Credit card,Member,Food and beverages,B,80.05
172,733-33-4967,3/3/2019,19:17,8,175.14,Cash,Normal,Electronic accessories,C,20.85
173,608-27-6295,1/19/2019,17:34,6,333.207,Credit card,Member,Electronic accessories,B,52.89
174,414-12-7047,1/18/2019,12:04,8,166.236,Ewallet,Normal,Food and beverages,B,19.79
175,827-26-2100,3/21/2019,16:21,9,319.788,Ewallet,Member,Home and lifestyle,A,33.84
176,175-54-2529,3/3/2019,17:01,8,186.228,Credit card,Member,Food and beverages,A,22.17
177,139-52-2867,2/13/2019,10:50,7,165.4485,Credit card,Normal,Fashion accessories,C,22.51
178,407-63-8975,3/23/2019,19:16,6,465.444,Ewallet,Normal,Food and beverages,A,73.88
179,342-65-4817,1/28/2019,16:47,3,273.42,Ewallet,Member,Health and beauty,C,86.8
180,130-98-8941,2/9/2019,10:00,7,472.311,Cash,Normal,Fashion accessories,C,64.26
181,434-83-9547,1/23/2019,11:51,8,323.148,Cash,Member,Food and beverages,C,38.47
182,851-28-6367,3/23/2019,10:55,10,162.75,Ewallet,Member,Sports and travel,A,15.5
183,824-88-3614,1/25/2019,15:00,8,288.204,Ewallet,Normal,Health and beauty,C,34.31
184,586-25-0848,3/4/2019,11:19,7,90.699,Credit card,Normal,Sports and travel,A,12.34
185,895-66-0685,3/5/2019,19:46,3,56.952,Ewallet,Member,Food and beverages,B,18.08
186,305-14-0245,3/3/2019,19:00,8,793.716,Ewallet,Member,Home and lifestyle,B,94.49
187,732-04-5373,2/8/2019,10:53,4,195.174,Cash,Member,Home and lifestyle,B,46.47
188,400-60-7251,2/10/2019,12:50,1,77.7735,Ewallet,Normal,Home and lifestyle,A,74.07
189,593-65-1552,1/28/2019,20:50,4,293.202,Credit card,Normal,Home and lifestyle,C,69.81
190,284-34-9626,2/11/2019,10:39,3,242.676,Credit card,Normal,Home and lifestyle,B,77.04
191,437-58-8131,1/15/2019,13:41,2,154.392,Ewallet,Normal,Fashion accessories,B,73.52
192,286-43-6208,3/16/2019,19:08,9,829.71,Cash,Normal,Food and beverages,C,87.8
193,641-43-2399,1/26/2019,20:23,4,107.31,Ewallet,Normal,Home and lifestyle,B,25.55
194,831-07-6050,3/19/2019,11:30,5,171.7275,Credit card,Normal,Electronic accessories,A,32.71
195,556-86-3144,1/13/2019,19:30,1,78.0045,Cash,Member,Fashion accessories,C,74.29
196,848-24-9445,3/26/2019,18:03,2,91.77,Cash,Member,Health and beauty,C,43.7
197,856-22-8149,3/23/2019,10:13,1,26.5545,Ewallet,Normal,Home and lifestyle,A,25.29
198,699-01-4164,3/12/2019,19:58,4,174.3,Credit card,Normal,Health and beauty,C,41.5
199,420-11-4919,2/17/2019,19:57,5,374.7975,Credit card,Member,Food and beverages,C,71.39
200,606-80-4905,1/29/2019,10:01,6,120.645,Credit card,Member,Sports and travel,C,19.15
201,542-41-0513,3/15/2019,11:57,4,241.458,Cash,Member,Electronic accessories,B,57.49
202,426-39-2418,1/14/2019,10:02,7,451.3635,Cash,Normal,Electronic accessories,C,61.41
203,875-46-5808,2/6/2019,14:51,10,271.95,Ewallet,Member,Health and beauty,B,25.9
204,394-43-4238,2/15/2019,12:42,5,93.2925,Credit card,Member,Home and lifestyle,B,17.77
205,749-24-1565,1/3/2019,12:02,9,217.6335,Ewallet,Normal,Health and beauty,A,23.03
206,672-51-8681,1/4/2019,18:19,9,629.8425,Credit card,Member,Electronic accessories,C,66.65
207,263-87-5680,3/18/2019,17:38,10,299.565,Ewallet,Member,Home and lifestyle,C,28.53
208,573-58-9734,3/28/2019,13:41,3,95.6655,Ewallet,Normal,Fashion accessories,B,30.37
209,817-69-8206,3/2/2019,19:42,9,942.4485,Credit card,Normal,Electronic accessories,B,99.73
210,888-02-0338,1/25/2019,20:24,9,247.8735,Ewallet,Normal,Electronic accessories,A,26.23
211,677-11-0152,1/16/2019,18:08,9,881.307,Cash,Normal,Food and beverages,C,93.26
212,142-63-6033,3/20/2019,19:17,5,484.89,Ewallet,Normal,Home and lifestyle,B,92.36
213,656-16-1063,1/4/2019,13:24,3,146.223,Credit card,Normal,Sports and travel,B,46.42
214,891-58-8335,3/11/2019,15:53,7,217.6335,Cash,Member,Sports and travel,B,29.61
215,802-43-8934,3/22/2019,15:05,1,19.194,Credit card,Normal,Home and lifestyle,A,18.28
216,560-30-5617,3/24/2019,18:27,5,130.0425,Cash,Normal,Sports and travel,B,24.77
217,319-74-2561,2/21/2019,16:55,3,298.116,Cash,Member,Electronic accessories,A,94.64
218,549-03-9315,2/12/2019,12:58,8,796.908,Ewallet,Normal,Fashion accessories,B,94.87
219,790-29-1172,3/10/2019,18:59,3,180.621,Credit card,Normal,Food and beverages,B,57.34
220,239-36-3640,1/31/2019,13:44,6,285.705,Ewallet,Normal,Electronic accessories,B,45.35
221,468-01-2051,3/6/2019,13:46,7,456.288,Ewallet,Normal,Food and beverages,B,62.08
222,389-25-3394,2/17/2019,18:06,5,62.0025,Cash,Normal,Electronic accessories,C,11.81
223,279-62-1445,2/21/2019,12:38,1,13.167,Cash,Member,Fashion accessories,C,12.54
224,213-72-6612,3/20/2019,15:56,2,90.825,Cash,Normal,Food and beverages,A,43.25
225,746-68-6593,1/11/2019,14:29,2,183.036,Credit card,Member,Sports and travel,C,87.16
226,836-82-5858,1/26/2019,19:14,9,655.5465,Ewallet,Member,Health and beauty,B,69.37
227,583-72-1480,1/31/2019,16:24,4,155.652,Ewallet,Member,Electronic accessories,C,37.06
228,466-61-5506,2/26/2019,10:52,6,571.41,Cash,Member,Electronic accessories,B,90.7
229,721-86-6247,3/11/2019,12:55,8,532.728,Ewallet,Normal,Home and lifestyle,A,63.42
230,289-65-5721,1/26/2019,19:28,2,170.877,Cash,Normal,Fashion accessories,B,81.37
231,545-46-3100,3/12/2019,13:52,3,33.3585,Credit card,Member,Electronic accessories,B,10.59
232,418-02-5978,2/11/2019,10:54,9,794.6505,Cash,Normal,Health and beauty,B,84.09
233,269-04-5750,2/21/2019,18:31,4,310.044,Cash,Member,Fashion accessories,B,73.82
234,157-13-5295,3/9/2019,18:24,10,545.37,Ewallet,Member,Health and beauty,A,51.94
235,645-78-8093,1/20/2019,18:09,2,195.594,Ewallet,Normal,Sports and travel,A,93.14
236,211-30-9270,1/28/2019,15:16,5,91.4025,Credit card,Normal,Health and beauty,C,17.41
237,755-12-3214,3/5/2019,17:07,5,232.155,Credit card,Member,Fashion accessories,C,44.22
238,346-84-3103,3/2/2019,19:26,5,69.405,Cash,Member,Electronic accessories,B,13.22
239,478-06-7835,1/11/2019,11:20,1,94.1745,Ewallet,Normal,Fashion accessories,A,89.69
240,540-11-4336,1/11/2019,16:49,9,235.683,Credit card,Normal,Food and beverages,A,24.94
241,448-81-5016,3/11/2019,12:01,2,125.517,Credit card,Normal,Health and beauty,A,59.77
242,142-72-4741,2/28/2019,18:37,2,195.72,Credit card,Member,Fashion accessories,C,93.2
243,217-58-1179,1/5/2019,11:25,4,263.13,Cash,Member,Home and lifestyle,A,62.65
244,376-02-8238,2/2/2019,18:42,8,788.508,Credit card,Normal,Home and lifestyle,B,93.87
245,530-90-9855,1/1/2019,14:47,8,399.756,Cash,Member,Home and lifestyle,A,47.59
246,866-05-7563,2/9/2019,19:43,3,256.41,Cash,Member,Electronic accessories,B,81.4
247,604-70-6476,1/23/2019,14:04,5,94.185,Ewallet,Member,Fashion accessories,A,17.94
248,799-71-1548,1/7/2019,16:11,4,326.424,Credit card,Member,Electronic accessories,A,77.72
249,785-13-7708,1/14/2019,19:06,7,536.991,Credit card,Normal,Food and beverages,B,73.06
250,845-51-0542,2/2/2019,15:34,9,439.8975,Ewallet,Member,Food and beverages,B,46.55
251,662-47-5456,3/17/2019,19:06,10,369.495,Credit card,Member,Fashion accessories,C,35.19
252,883-17-4236,3/2/2019,19:44,2,30.219,Credit card,Normal,Sports and travel,C,14.39
253,290-68-2984,3/16/2019,11:22,4,99.75,Cash,Normal,Home and lifestyle,A,23.75
254,704-11-6354,1/6/2019,11:23,8,494.76,Cash,Member,Home and lifestyle,A,58.9
255,110-48-7033,1/29/2019,14:12,4,137.004,Cash,Member,Fashion accessories,B,32.62
256,366-93-0948,1/31/2019,10:46,1,69.6675,Credit card,Member,Electronic accessories,A,66.35
257,729-09-9681,2/5/2019,10:16,6,163.233,Ewallet,Member,Home and lifestyle,A,25.91
258,151-16-1484,2/13/2019,12:38,4,135.45,Ewallet,Member,Electronic accessories,A,32.25
259,380-94-4661,2/7/2019,13:05,4,276.948,Credit card,Member,Electronic accessories,C,65.94
260,850-41-9669,3/19/2019,13:25,9,709.317,Ewallet,Normal,Electronic accessories,A,75.06
261,821-07-3596,3/7/2019,14:53,4,69.09,Ewallet,Normal,Fashion accessories,C,16.45
262,655-85-5130,3/13/2019,19:22,4,160.86,Cash,Member,Fashion accessories,B,38.3
263,447-15-7839,2/9/2019,11:00,10,233.52,Cash,Member,Sports and travel,A,22.24
264,154-74-7179,2/26/2019,19:24,1,57.1725,Ewallet,Normal,Sports and travel,B,54.45
265,253-12-6086,3/12/2019,12:43,7,723.24,Credit card,Member,Sports and travel,A,98.4
266,808-65-0703,3/14/2019,17:22,4,148.974,Credit card,Normal,Home and lifestyle,C,35.47
267,571-94-0759,1/8/2019,20:55,10,783.3,Cash,Member,Food and beverages,B,74.6
268,144-51-6085,1/5/2019,16:05,4,297.108,Credit card,Member,Home and lifestyle,A,70.74
269,731-14-2199,1/4/2019,13:34,10,373.17,Ewallet,Member,Home and lifestyle,A,35.54
270,783-09-1637,3/6/2019,18:13,5,354.0075,Ewallet,Normal,Sports and travel,B,67.43
271,687-15-1097,1/3/2019,19:17,2,44.352,Cash,Member,Health and beauty,C,21.12
272,126-54-1082,1/7/2019,11:44,9,203.553,Credit card,Member,Home and lifestyle,A,21.54
273,633-91-1052,1/27/2019,15:51,2,25.263,Cash,Normal,Home and lifestyle,A,12.03
274,477-24-6490,2/26/2019,16:52,6,628.173,Ewallet,Normal,Health and beauty,B,99.71
275,566-19-5475,1/7/2019,20:52,7,352.5795,Cash,Normal,Fashion accessories,B,47.97
276,526-86-8552,1/7/2019,17:36,10,229.11,Cash,Member,Home and lifestyle,C,21.82
277,376-56-3573,2/2/2019,13:23,4,400.764,Ewallet,Normal,Fashion accessories,C,95.42
278,537-72-0426,3/20/2019,16:28,10,745.395,Cash,Member,Fashion accessories,C,70.99
279,828-61-5674,3/20/2019,19:57,10,462.21,Credit card,Member,Sports and travel,A,44.02
280,136-08-6195,2/15/2019,17:01,8,587.664,Credit card,Normal,Home and lifestyle,A,69.96
281,523-38-0215,3/6/2019,13:29,1,38.85,Credit card,Normal,Home and lifestyle,C,37.0
282,490-29-1201,1/6/2019,11:09,1,16.107,Cash,Normal,Sports and travel,A,15.34
283,667-92-0055,3/4/2019,15:02,6,628.929,Ewallet,Member,Health and beauty,A,99.83
284,565-17-3836,3/12/2019,14:21,4,200.214,Cash,Member,Health and beauty,A,47.67
285,498-41-1961,2/20/2019,18:01,5,350.07,Cash,Normal,Health and beauty,B,66.68
286,593-95-4461,3/24/2019,14:49,1,78.603,Cash,Member,Home and lifestyle,C,74.86
287,226-71-3580,1/31/2019,12:02,9,224.4375,Cash,Normal,Sports and travel,C,23.75
288,283-79-9594,1/25/2019,13:30,7,356.5485,Credit card,Normal,Food and beverages,B,48.51
289,430-60-3493,2/3/2019,14:38,7,697.368,Cash,Member,Home and lifestyle,A,94.88
290,139-20-0155,1/24/2019,17:37,10,423.15,Credit card,Member,Electronic accessories,B,40.3
291,558-80-4082,3/14/2019,17:20,7,204.6975,Ewallet,Normal,Electronic accessories,C,27.85
292,278-97-7759,2/18/2019,20:29,1,65.604,Cash,Member,Electronic accessories,A,62.48
293,316-68-6352,1/21/2019,10:00,2,76.356,Cash,Member,Food and beverages,A,36.36
294,585-03-5943,3/13/2019,11:46,10,190.155,Ewallet,Normal,Health and beauty,B,18.11
295,211-05-0490,3/3/2019,13:42,5,272.58,Cash,Member,Electronic accessories,C,51.92
296,727-75-6477,3/29/2019,14:44,4,121.128,Cash,Normal,Electronic accessories,C,28.84
297,744-02-5987,1/10/2019,14:16,6,493.794,Ewallet,Member,Home and lifestyle,A,78.38
298,307-83-9164,1/25/2019,15:54,4,252.042,Cash,Member,Home and lifestyle,A,60.01
299,779-06-0012,1/19/2019,10:21,1,93.0405,Cash,Member,Home and lifestyle,C,88.61
300,446-47-6729,1/2/2019,18:09,2,209.622,Credit card,Normal,Fashion accessories,C,99.82
301,573-10-3877,3/12/2019,16:46,1,40.9605,Credit card,Member,Health and beauty,B,39.01
302,735-06-4124,2/25/2019,15:31,1,51.0405,Cash,Normal,Food and beverages,C,48.61
303,439-54-7422,3/18/2019,17:15,4,214.998,Credit card,Normal,Electronic accessories,A,51.19
304,396-90-2219,2/23/2019,12:29,8,125.664,Cash,Normal,Electronic accessories,B,14.96
305,411-77-0180,3/26/2019,20:14,7,530.67,Ewallet,Member,Electronic accessories,A,72.2
306,286-01-5402,3/30/2019,13:22,7,295.6905,Cash,Normal,Sports and travel,A,40.23
307,803-17-8013,2/17/2019,17:09,8,745.836,Cash,Member,Home and lifestyle,A,88.79
308,512-98-1403,3/21/2019,10:40,3,83.412,Ewallet,Member,Electronic accessories,A,26.48
309,848-42-2560,3/5/2019,17:43,2,172.011,Cash,Normal,Fashion accessories,A,81.91
310,532-59-7201,1/31/2019,14:04,6,503.559,Cash,Member,Sports and travel,B,79.93
311,181-94-6432,2/5/2019,19:05,2,145.593,Ewallet,Member,Fashion accessories,C,69.33
312,870-76-1733,2/1/2019,10:08,5,74.7075,Credit card,Member,Food and beverages,A,14.23
313,423-64-4619,3/7/2019,13:12,9,146.9475,Cash,Member,Health and beauty,A,15.55
314,227-07-4446,2/10/2019,20:51,10,820.365,Cash,Member,Electronic accessories,C,78.13
315,174-36-3675,2/14/2019,17:29,2,208.677,Cash,Member,Food and beverages,C,99.37
316,428-83-5800,2/9/2019,10:25,3,66.402,Cash,Member,Food and beverages,C,21.08
317,603-07-0961,1/10/2019,11:34,5,392.6475,Cash,Member,Electronic accessories,C,74.79
318,704-20-4138,3/11/2019,18:58,7,218.0745,Credit card,Member,Health and beauty,C,29.67
319,787-15-1757,2/18/2019,16:28,4,185.094,Ewallet,Member,Health and beauty,C,44.07
320,649-11-3678,2/26/2019,20:26,9,216.6885,Cash,Normal,Food and beverages,C,22.93
321,622-20-1945,1/18/2019,15:08,1,41.391,Cash,Normal,Health and beauty,C,39.42
322,372-94-8041,2/15/2019,18:03,6,96.138,Ewallet,Normal,Health and beauty,A,15.26
323,563-91-7120,3/8/2019,13:21,5,324.2925,Cash,Normal,Fashion accessories,A,61.77
324,746-54-5508,1/17/2019,12:48,6,135.576,Credit card,Normal,Home and lifestyle,A,21.52
325,276-54-0879,3/12/2019,19:53,4,410.508,Ewallet,Normal,Sports and travel,B,97.74
326,815-11-1168,3/9/2019,19:09,5,523.845,Cash,Member,Food and beverages,A,99.78
327,719-76-3868,3/12/2019,16:30,4,395.892,Cash,Member,Food and beverages,C,94.26
328,730-61-8757,1/25/2019,10:11,4,214.746,Credit card,Member,Health and beauty,B,51.13
329,340-66-0321,3/25/2019,13:07,4,152.712,Cash,Member,Electronic accessories,A,36.36
330,868-81-1752,2/7/2019,18:48,9,208.089,Cash,Normal,Home and lifestyle,B,22.02
331,634-97-8956,2/17/2019,17:27,3,103.635,Credit card,Normal,Food and beverages,A,32.9
332,566-71-1091,2/3/2019,15:59,5,404.355,Cash,Normal,Fashion accessories,A,77.02
333,442-48-3607,3/14/2019,11:21,2,49.308,Credit card,Member,Food and beverages,A,23.48
334,835-16-0096,3/24/2019,13:48,5,77.175,Ewallet,Member,Sports and travel,C,14.7
335,527-09-6272,3/21/2019,10:17,5,149.3625,Credit card,Member,Electronic accessories,A,28.45
336,898-04-2717,3/19/2019,15:49,9,721.98,Ewallet,Normal,Fashion accessories,A,76.4
337,692-27-8933,2/24/2019,13:02,6,365.085,Cash,Normal,Sports and travel,B,57.95
338,633-09-3463,3/28/2019,12:58,3,150.0975,Credit card,Normal,Electronic accessories,C,47.65
339,374-17-3652,2/5/2019,15:26,9,404.649,Credit card,Member,Food and beverages,B,42.82
340,378-07-7001,2/10/2019,18:23,3,151.4835,Credit card,Member,Electronic accessories,B,48.09
341,433-75-6987,3/5/2019,19:06,7,411.3795,Ewallet,Member,Health and beauty,B,55.97
342,873-95-4984,2/15/2019,20:21,7,565.215,Cash,Member,Health and beauty,B,76.9
343,416-13-5917,1/30/2019,16:24,5,509.4075,Ewallet,Normal,Food and beverages,C,97.03
344,150-89-8043,2/14/2019,15:04,3,140.6475,Cash,Normal,Sports and travel,A,44.65
345,135-84-8019,2/27/2019,16:10,9,736.4385,Ewallet,Normal,Fashion accessories,A,77.93
346,441-94-7118,2/4/2019,12:14,1,75.5475,Cash,Member,Electronic accessories,A,71.95
347,725-96-3778,1/20/2019,10:13,8,749.7,Cash,Member,Home and lifestyle,C,89.25
348,531-80-1784,3/28/2019,17:38,7,191.247,Cash,Normal,Electronic accessories,A,26.02
349,400-45-1220,2/27/2019,11:06,10,141.75,Credit card,Normal,Health and beauty,B,13.5
350,860-79-0874,2/15/2019,14:53,10,1042.65,Credit card,Member,Fashion accessories,C,99.3
351,834-61-8124,1/26/2019,18:22,7,379.9215,Cash,Normal,Electronic accessories,A,51.69
352,115-99-4379,3/14/2019,19:02,7,402.2655,Credit card,Member,Fashion accessories,B,54.73
353,565-67-6697,3/2/2019,14:16,9,255.15,Cash,Member,Home and lifestyle,B,27.0
354,320-49-6392,3/4/2019,15:44,1,31.752,Cash,Normal,Electronic accessories,C,30.24
355,889-04-9723,1/7/2019,12:20,4,374.388,Credit card,Member,Food and beverages,B,89.14
356,632-90-0281,3/8/2019,20:01,10,394.275,Credit card,Normal,Fashion accessories,C,37.55
357,554-42-2417,1/9/2019,13:45,10,1002.12,Cash,Normal,Sports and travel,C,95.44
358,453-63-6187,3/1/2019,15:40,3,86.625,Ewallet,Normal,Electronic accessories,B,27.5
359,578-80-7669,3/16/2019,16:58,1,78.7185,Cash,Normal,Sports and travel,B,74.97
360,612-36-5536,2/17/2019,11:12,8,680.064,Credit card,Member,Food and beverages,A,80.96
361,605-72-4132,2/27/2019,15:12,8,793.548,Cash,Normal,Food and beverages,C,94.47
362,471-41-2823,3/7/2019,20:37,2,209.559,Ewallet,Normal,Food and beverages,C,99.79
363,462-67-9126,1/21/2019,17:44,6,461.286,Cash,Normal,Home and lifestyle,A,73.22
364,272-27-9238,2/19/2019,16:23,4,173.208,Cash,Normal,Food and beverages,C,41.24
365,834-25-9262,1/6/2019,12:12,4,343.056,Cash,Normal,Fashion accessories,C,81.68
366,122-61-9553,3/14/2019,19:33,9,484.974,Cash,Normal,Electronic accessories,C,51.32
367,468-88-0009,3/24/2019,10:29,4,276.948,Cash,Member,Home and lifestyle,A,65.94
368,613-59-9758,1/27/2019,14:28,10,150.78,Cash,Normal,Sports and travel,C,14.36
369,254-31-0042,3/6/2019,12:46,9,203.175,Credit card,Member,Electronic accessories,A,21.5
370,201-86-2184,2/2/2019,19:40,7,193.011,Cash,Member,Electronic accessories,B,26.26
371,261-12-8671,1/25/2019,19:39,2,128.016,Credit card,Normal,Fashion accessories,B,60.96
372,730-70-9830,3/14/2019,17:54,6,441.693,Ewallet,Normal,Home and lifestyle,C,70.11
373,382-25-8917,1/29/2019,12:25,6,265.104,Cash,Normal,Fashion accessories,C,42.08
374,422-29-8786,1/3/2019,16:47,5,352.2225,Credit card,Normal,Home and lifestyle,A,67.09
375,667-23-5919,1/14/2019,12:52,5,507.675,Ewallet,Member,Fashion accessories,A,96.7
376,843-01-4703,1/5/2019,19:50,9,334.341,Credit card,Member,Home and lifestyle,B,35.38
377,743-88-1662,2/22/2019,18:17,7,701.8515,Ewallet,Normal,Sports and travel,C,95.49
378,595-86-2894,2/6/2019,17:20,4,407.316,Ewallet,Member,Fashion accessories,C,96.98
379,182-69-8360,1/30/2019,13:32,4,99.33,Credit card,Normal,Electronic accessories,B,23.65
380,289-15-7034,1/11/2019,10:37,4,345.786,Credit card,Member,Sports and travel,A,82.33
381,462-78-5240,3/19/2019,14:35,2,55.881,Cash,Normal,Electronic accessories,C,26.61
382,868-52-7573,1/14/2019,12:09,5,523.3725,Cash,Normal,Food and beverages,B,99.69
383,153-58-4872,3/1/2019,15:32,4,314.538,Ewallet,Member,Food and beverages,C,74.89
384,662-72-2873,1/6/2019,13:58,5,214.935,Ewallet,Normal,Food and beverages,A,40.94
385,525-88-7307,1/31/2019,13:19,1,79.611,Cash,Member,Sports and travel,B,75.82
386,689-16-9784,3/11/2019,13:37,6,294.651,Cash,Normal,Food and beverages,C,46.77
387,725-56-0833,2/20/2019,16:49,10,339.36,Credit card,Normal,Health and beauty,A,32.32
388,394-41-0748,1/27/2019,14:55,9,510.9615,Ewallet,Member,Fashion accessories,C,54.07
389,596-42-3999,3/10/2019,14:04,7,133.917,Credit card,Normal,Food and beverages,B,18.22
390,541-89-9860,2/15/2019,12:31,3,253.512,Cash,Member,Fashion accessories,C,80.48
391,173-82-9529,1/26/2019,14:51,10,398.475,Cash,Normal,Fashion accessories,B,37.95
392,563-36-9814,2/13/2019,18:27,1,80.661,Ewallet,Member,Electronic accessories,A,76.82
393,308-47-4913,3/9/2019,12:45,10,548.73,Credit card,Member,Sports and travel,A,52.26
394,885-17-6250,3/6/2019,10:36,1,83.727,Ewallet,Normal,Health and beauty,A,79.74
395,726-27-2396,1/24/2019,20:36,5,406.875,Ewallet,Normal,Health and beauty,A,77.5
396,316-01-3952,3/13/2019,14:16,5,284.9175,Ewallet,Normal,Food and beverages,A,54.27
397,760-54-1821,3/15/2019,10:26,9,128.4255,Cash,Normal,Home and lifestyle,B,13.59
398,793-10-3222,3/5/2019,13:30,6,258.678,Credit card,Member,Health and beauty,B,41.06
399,346-12-3257,3/4/2019,16:28,9,181.818,Cash,Member,Electronic accessories,B,19.24
400,110-05-6330,3/25/2019,20:18,6,248.409,Credit card,Normal,Food and beverages,C,39.43
401,651-61-0874,3/12/2019,20:04,4,194.124,Credit card,Normal,Home and lifestyle,C,46.22
402,236-86-3015,2/4/2019,13:38,1,14.679,Ewallet,Member,Home and lifestyle,C,13.98
403,831-64-0259,2/22/2019,10:43,5,208.6875,Ewallet,Normal,Fashion accessories,B,39.75
404,587-03-7455,2/16/2019,17:30,7,718.7565,Ewallet,Member,Fashion accessories,C,97.79
405,882-40-4577,1/19/2019,15:28,4,282.492,Credit card,Member,Sports and travel,A,67.26
406,732-67-5346,1/11/2019,19:07,5,72.3975,Credit card,Normal,Food and beverages,A,13.79
407,725-32-9708,1/4/2019,19:01,4,288.582,Cash,Member,Fashion accessories,B,68.71
408,256-08-8343,3/4/2019,19:48,4,237.426,Ewallet,Normal,Home and lifestyle,A,56.53
409,372-26-1506,1/28/2019,19:24,5,125.055,Ewallet,Normal,Fashion accessories,C,23.82
410,244-08-0162,1/2/2019,13:00,10,359.205,Cash,Normal,Health and beauty,B,34.21
411,569-71-4390,1/25/2019,14:29,2,45.927,Ewallet,Normal,Sports and travel,B,21.87
412,132-23-6451,1/4/2019,13:21,5,110.0925,Cash,Member,Health and beauty,A,20.97
413,696-90-2548,3/10/2019,18:55,3,81.396,Ewallet,Normal,Sports and travel,A,25.84
414,472-15-9636,3/22/2019,19:36,8,427.812,Ewallet,Normal,Home and lifestyle,A,50.93
415,268-03-6164,1/25/2019,16:28,1,100.9155,Ewallet,Normal,Health and beauty,B,96.11
416,750-57-9686,1/8/2019,13:48,4,190.596,Credit card,Normal,Home and lifestyle,C,45.38
417,186-09-3669,1/22/2019,10:57,1,85.5855,Ewallet,Member,Health and beauty,C,81.51
418,848-07-1692,1/12/2019,17:13,2,120.162,Ewallet,Normal,Health and beauty,B,57.22
419,745-71-3520,2/4/2019,10:23,7,185.367,Cash,Member,Electronic accessories,A,25.22
420,266-76-6436,3/28/2019,13:57,3,121.59,Ewallet,Member,Food and beverages,C,38.6
421,740-22-2500,1/23/2019,13:29,3,264.7575,Cash,Normal,Electronic accessories,C,84.05
422,271-88-8734,2/8/2019,13:00,10,1020.705,Credit card,Member,Fashion accessories,C,97.21
423,301-81-8610,3/19/2019,19:42,8,213.528,Credit card,Member,Fashion accessories,B,25.42
424,489-64-4354,3/9/2019,15:36,1,17.094,Cash,Normal,Fashion accessories,C,16.28
425,198-84-7132,1/2/2019,13:40,9,383.7645,Cash,Member,Fashion accessories,B,40.61
426,269-10-8440,1/21/2019,18:01,7,390.7995,Cash,Member,Health and beauty,A,53.17
427,650-98-6268,3/20/2019,13:53,3,65.7405,Credit card,Member,Food and beverages,B,20.87
428,741-73-3559,2/27/2019,17:27,5,353.1675,Cash,Normal,Sports and travel,B,67.27
429,325-77-6186,3/8/2019,10:53,10,951.825,Ewallet,Member,Home and lifestyle,A,90.65
430,286-75-7818,1/31/2019,19:48,2,145.068,Credit card,Normal,Fashion accessories,B,69.08
431,574-57-9721,3/8/2019,16:53,2,90.867,Ewallet,Normal,Food and beverages,C,43.27
432,459-50-7686,1/13/2019,19:14,6,147.798,Ewallet,Normal,Electronic accessories,A,23.46
433,616-87-0016,3/9/2019,14:36,7,702.219,Credit card,Normal,Fashion accessories,B,95.54
434,837-55-7229,2/22/2019,18:19,1,49.812,Credit card,Normal,Fashion accessories,B,47.44
435,751-69-0068,3/19/2019,19:09,9,937.818,Ewallet,Normal,Sports and travel,C,99.24
436,257-73-1380,1/20/2019,16:51,4,348.306,Ewallet,Member,Sports and travel,C,82.93
437,345-08-4992,3/8/2019,15:37,6,214.137,Credit card,Normal,Home and lifestyle,A,33.99
438,549-96-4200,3/8/2019,20:15,4,71.568,Ewallet,Member,Food and beverages,C,17.04
439,810-60-6344,2/7/2019,14:38,8,343.224,Credit card,Normal,Electronic accessories,C,40.86
440,450-28-2866,1/15/2019,19:25,5,91.56,Cash,Member,Food and beverages,C,17.44
441,394-30-3170,3/22/2019,19:35,8,742.812,Credit card,Member,Sports and travel,B,88.43
442,138-17-5109,1/15/2019,15:42,9,843.0345,Credit card,Member,Home and lifestyle,A,89.21
443,192-98-7397,1/8/2019,14:11,1,13.419,Ewallet,Normal,Fashion accessories,C,12.78
444,301-11-9629,1/15/2019,10:43,7,140.385,Cash,Normal,Sports and travel,A,19.1
445,390-80-5128,1/28/2019,17:58,1,20.1075,Credit card,Member,Health and beauty,B,19.15
446,235-46-8343,2/14/2019,11:26,10,290.43,Credit card,Member,Food and beverages,C,27.66
447,453-12-7053,3/10/2019,17:38,3,144.081,Credit card,Normal,Fashion accessories,C,45.74
448,296-11-7041,1/12/2019,20:07,1,28.4235,Credit card,Member,Health and beauty,B,27.07
449,449-27-2918,3/26/2019,11:02,1,41.076,Credit card,Member,Sports and travel,B,39.12
450,891-01-7034,1/1/2019,19:07,6,470.673,Cash,Normal,Electronic accessories,B,74.71
451,744-09-5786,1/2/2019,18:50,6,138.663,Cash,Normal,Electronic accessories,B,22.01
452,727-17-0390,3/16/2019,12:43,5,333.9525,Ewallet,Normal,Food and beverages,A,63.61
453,568-88-3448,3/3/2019,15:09,1,26.25,Ewallet,Normal,Health and beauty,A,25.0
454,187-83-5490,1/31/2019,13:47,4,87.234,Cash,Member,Electronic accessories,A,20.77
455,767-54-1907,2/13/2019,16:59,5,155.19,Cash,Member,Fashion accessories,B,29.56
456,710-46-4433,2/15/2019,14:15,9,731.43,Credit card,Member,Food and beverages,B,77.4
457,533-33-5337,2/7/2019,20:24,10,833.595,Cash,Normal,Electronic accessories,B,79.39
458,325-90-8763,1/27/2019,13:58,10,488.985,Cash,Member,Electronic accessories,C,46.57
459,729-46-7422,2/23/2019,16:52,1,37.6845,Credit card,Normal,Food and beverages,C,35.89
460,639-76-1242,2/3/2019,15:19,5,212.73,Cash,Normal,Food and beverages,C,40.52
461,234-03-4040,3/3/2019,12:25,10,767.025,Credit card,Member,Food and beverages,B,73.05
462,326-71-2155,2/3/2019,10:02,4,310.59,Cash,Normal,Sports and travel,C,73.95
463,320-32-8842,3/17/2019,18:58,1,23.751,Cash,Member,Food and beverages,C,22.62
464,470-32-9057,3/28/2019,15:31,5,269.535,Credit card,Member,Food and beverages,A,51.34
465,878-30-2331,3/2/2019,11:22,10,572.775,Credit card,Member,Sports and travel,C,54.55
466,440-59-5691,2/8/2019,13:12,7,273.0525,Credit card,Member,Health and beauty,C,37.15
467,554-53-3790,3/22/2019,18:33,6,233.226,Cash,Normal,Sports and travel,B,37.02
468,746-19-0921,2/9/2019,10:02,1,22.659,Ewallet,Normal,Food and beverages,C,21.58
469,233-34-0817,2/15/2019,11:21,1,103.782,Cash,Member,Electronic accessories,C,98.84
470,767-05-1286,1/23/2019,12:10,6,527.751,Ewallet,Member,Home and lifestyle,C,83.77
471,340-21-9136,1/25/2019,11:40,4,168.21,Cash,Member,Sports and travel,A,40.05
472,405-31-3305,2/2/2019,18:31,10,452.865,Credit card,Member,Fashion accessories,A,43.13
473,731-59-7531,3/30/2019,17:58,8,609.588,Cash,Member,Health and beauty,B,72.57
474,676-39-6028,3/30/2019,17:04,5,338.31,Cash,Member,Electronic accessories,A,64.44
475,502-05-1910,2/25/2019,20:35,3,205.317,Credit card,Normal,Health and beauty,A,65.18
476,485-30-8700,3/18/2019,16:10,5,174.615,Credit card,Normal,Sports and travel,A,33.26
477,598-47-9715,3/7/2019,16:54,4,353.094,Ewallet,Normal,Electronic accessories,C,84.07
478,701-69-8742,3/16/2019,10:11,10,360.885,Ewallet,Normal,Sports and travel,B,34.37
479,575-67-1508,1/29/2019,11:26,1,40.53,Ewallet,Normal,Electronic accessories,A,38.6
480,541-08-3113,2/2/2019,20:29,8,554.148,Cash,Normal,Food and beverages,C,65.97
481,246-11-3901,2/15/2019,12:12,10,344.4,Cash,Normal,Electronic accessories,C,32.8
482,674-15-9296,1/8/2019,13:05,5,194.985,Ewallet,Normal,Sports and travel,A,37.14
483,305-18-3552,2/12/2019,16:19,10,633.99,Cash,Member,Home and lifestyle,B,60.38
484,493-65-6248,1/1/2019,19:48,10,388.29,Credit card,Member,Sports and travel,C,36.98
485,438-01-4015,3/21/2019,15:25,4,207.858,Ewallet,Member,Sports and travel,B,49.49
486,709-58-4068,2/28/2019,14:42,10,431.445,Cash,Normal,Fashion accessories,B,41.09
487,795-49-7276,3/23/2019,18:59,4,156.03,Ewallet,Normal,Fashion accessories,A,37.15
488,556-72-8512,1/30/2019,20:47,1,24.108,Cash,Normal,Home and lifestyle,C,22.96
489,627-95-3243,2/4/2019,13:21,9,734.076,Ewallet,Member,Home and lifestyle,B,77.68
490,686-41-0932,3/13/2019,19:48,2,72.87,Ewallet,Normal,Fashion accessories,B,34.7
491,510-09-5628,3/15/2019,18:20,10,206.43,Credit card,Member,Fashion accessories,A,19.66
492,608-04-3797,3/5/2019,20:24,8,212.688,Ewallet,Member,Health and beauty,B,25.32
493,148-82-2527,3/5/2019,13:44,10,127.26,Credit card,Member,Home and lifestyle,C,12.12
494,437-53-3084,2/26/2019,11:48,2,209.769,Ewallet,Normal,Fashion accessories,B,99.89
495,632-32-4574,3/20/2019,14:14,8,637.728,Cash,Normal,Sports and travel,B,75.92
496,556-97-7101,1/1/2019,15:51,2,132.762,Cash,Normal,Electronic accessories,C,63.22
497,862-59-8517,1/27/2019,11:17,6,568.512,Cash,Normal,Food and beverages,C,90.24
498,401-18-8016,1/21/2019,17:36,1,103.0365,Cash,Member,Sports and travel,B,98.13
499,420-18-8989,2/2/2019,15:47,8,432.768,Cash,Member,Sports and travel,A,51.52
500,277-63-2961,2/3/2019,15:53,1,77.6685,Credit card,Member,Sports and travel,B,73.97
501,573-98-8548,1/5/2019,12:40,1,33.495,Ewallet,Member,Fashion accessories,C,31.9
502,620-02-2046,1/27/2019,19:48,2,145.74,Ewallet,Normal,Home and lifestyle,C,69.4
503,282-35-2475,3/25/2019,17:53,2,195.951,Cash,Normal,Sports and travel,B,93.31
504,511-54-3087,2/25/2019,16:36,1,92.8725,Credit card,Normal,Sports and travel,B,88.45
505,726-29-6793,1/28/2019,20:54,8,203.112,Ewallet,Member,Electronic accessories,A,24.18
506,387-49-4215,1/8/2019,12:50,3,152.775,Cash,Member,Sports and travel,B,48.5
507,862-17-9201,1/29/2019,10:48,6,529.515,Credit card,Normal,Food and beverages,B,84.05
508,291-21-5991,3/29/2019,14:28,5,321.7725,Cash,Member,Health and beauty,B,61.29
509,602-80-9671,2/9/2019,17:15,6,100.485,Credit card,Member,Home and lifestyle,C,15.95
510,347-72-6115,1/16/2019,18:03,7,666.939,Credit card,Member,Sports and travel,B,90.74
511,209-61-0206,1/5/2019,17:29,5,225.2775,Ewallet,Normal,Home and lifestyle,A,42.91
512,595-27-4851,1/27/2019,18:05,7,398.958,Ewallet,Normal,Fashion accessories,A,54.28
513,189-52-0236,3/14/2019,12:07,7,731.6925,Cash,Normal,Electronic accessories,A,99.55
514,503-07-0930,2/23/2019,19:49,7,429.1665,Credit card,Member,Sports and travel,C,58.39
515,413-20-6708,3/18/2019,15:52,1,54.0435,Ewallet,Member,Fashion accessories,C,51.47
516,425-85-2085,3/29/2019,16:48,5,288.015,Ewallet,Member,Health and beauty,B,54.86
517,521-18-7827,1/22/2019,20:46,5,206.7975,Credit card,Member,Home and lifestyle,C,39.39
518,220-28-1851,3/1/2019,18:14,2,72.933,Ewallet,Normal,Home and lifestyle,A,34.73
519,600-38-9738,1/17/2019,15:05,5,377.58,Credit card,Member,Sports and travel,C,71.92
520,734-91-1155,3/26/2019,10:34,3,143.9865,Credit card,Normal,Electronic accessories,B,45.71
521,451-28-5717,3/20/2019,11:23,6,523.971,Cash,Member,Home and lifestyle,C,83.17
522,609-81-8548,2/6/2019,13:55,6,235.872,Credit card,Member,Home and lifestyle,A,37.44
523,133-14-7229,1/1/2019,11:43,2,132.027,Cash,Normal,Health and beauty,C,62.87
524,534-01-4457,1/27/2019,14:36,6,514.773,Credit card,Normal,Food and beverages,A,81.71
525,719-89-8991,2/25/2019,16:03,5,479.9025,Ewallet,Member,Sports and travel,A,91.41
526,286-62-6248,1/16/2019,20:03,4,164.682,Credit card,Normal,Fashion accessories,B,39.21
527,339-38-9982,1/13/2019,14:55,2,125.706,Ewallet,Member,Fashion accessories,B,59.86
528,827-44-5872,2/7/2019,11:28,10,570.78,Credit card,Member,Food and beverages,B,54.36
529,827-77-7633,2/17/2019,19:41,9,926.9505,Cash,Normal,Sports and travel,A,98.09
530,287-83-1405,2/12/2019,19:01,6,160.209,Ewallet,Normal,Health and beauty,A,25.43
531,435-13-4908,1/24/2019,18:04,8,728.112,Credit card,Member,Fashion accessories,A,86.68
532,857-67-9057,2/6/2019,19:20,10,240.975,Ewallet,Normal,Electronic accessories,B,22.95
533,236-27-1144,3/26/2019,10:31,9,154.1295,Ewallet,Normal,Food and beverages,C,16.31
534,892-05-6689,3/11/2019,13:28,5,148.68,Ewallet,Normal,Home and lifestyle,A,28.32
535,583-41-4548,2/7/2019,11:36,7,122.5245,Ewallet,Normal,Home and lifestyle,C,16.67
536,339-12-4827,1/5/2019,11:32,1,77.658,Credit card,Member,Fashion accessories,B,73.96
537,643-38-7867,3/7/2019,11:44,1,102.837,Ewallet,Normal,Home and lifestyle,A,97.94
538,308-81-0538,2/25/2019,17:16,4,306.81,Credit card,Normal,Fashion accessories,A,73.05
539,358-88-9262,2/1/2019,18:43,6,551.124,Ewallet,Member,Food and beverages,C,87.48
540,460-35-4390,1/22/2019,11:00,3,96.642,Ewallet,Normal,Home and lifestyle,A,30.68
541,343-87-0864,1/3/2019,10:30,1,79.674,Credit card,Member,Health and beauty,C,75.88
542,173-50-1108,2/13/2019,12:14,4,84.756,Credit card,Member,Sports and travel,B,20.18
543,243-47-2663,1/28/2019,16:43,6,118.251,Credit card,Member,Electronic accessories,C,18.77
544,841-18-8232,1/5/2019,20:40,1,74.76,Credit card,Normal,Food and beverages,B,71.2
545,701-23-5550,3/19/2019,13:40,4,163.002,Ewallet,Member,Home and lifestyle,B,38.81
546,647-50-1224,1/12/2019,16:23,10,308.91,Ewallet,Normal,Fashion accessories,A,29.42
547,541-48-8554,1/7/2019,12:08,9,575.9775,Credit card,Normal,Sports and travel,A,60.95
548,539-21-7227,1/26/2019,17:45,5,270.585,Cash,Normal,Sports and travel,B,51.54
549,213-32-1216,1/23/2019,10:28,6,416.178,Cash,Normal,Electronic accessories,A,66.06
550,747-58-7183,2/9/2019,20:31,3,180.4005,Ewallet,Normal,Fashion accessories,B,57.27
551,582-52-8065,2/22/2019,10:49,9,513.2295,Cash,Normal,Fashion accessories,B,54.31
552,210-57-1719,2/5/2019,12:34,9,550.368,Cash,Normal,Health and beauty,B,58.24
553,399-69-4630,3/7/2019,10:23,6,139.923,Credit card,Normal,Electronic accessories,C,22.21
554,134-75-2619,3/25/2019,18:51,7,142.002,Cash,Member,Electronic accessories,A,19.32
555,356-44-8813,1/20/2019,13:45,3,118.062,Credit card,Normal,Home and lifestyle,B,37.48
556,198-66-9832,2/4/2019,19:38,2,151.284,Cash,Member,Fashion accessories,B,72.04
557,283-26-5248,1/30/2019,20:23,10,1034.46,Ewallet,Member,Food and beverages,C,98.52
558,712-39-0363,1/2/2019,15:24,6,262.458,Ewallet,Member,Food and beverages,A,41.66
559,218-59-9410,3/29/2019,16:54,3,228.123,Ewallet,Member,Home and lifestyle,A,72.42
560,174-75-0888,3/14/2019,12:32,9,203.931,Cash,Normal,Electronic accessories,B,21.58
561,866-99-7614,2/11/2019,15:42,10,936.6,Credit card,Normal,Food and beverages,C,89.2
562,134-54-4720,1/30/2019,13:58,8,356.328,Ewallet,Normal,Electronic accessories,B,42.42
563,760-90-2357,3/20/2019,15:08,6,469.413,Ewallet,Member,Electronic accessories,A,74.51
564,514-37-2845,3/20/2019,13:02,2,208.425,Cash,Normal,Fashion accessories,B,99.25
565,698-98-5964,1/17/2019,13:01,10,852.705,Credit card,Normal,Food and beverages,A,81.21
566,718-57-9773,2/3/2019,16:40,10,517.965,Credit card,Normal,Sports and travel,C,49.33
567,651-88-7328,1/1/2019,13:55,9,621.243,Cash,Normal,Fashion accessories,A,65.74
568,241-11-2261,1/10/2019,10:33,7,586.971,Credit card,Normal,Fashion accessories,B,79.86
569,408-26-9866,3/2/2019,16:42,7,543.753,Ewallet,Normal,Sports and travel,C,73.98
570,834-83-1826,2/25/2019,17:16,5,430.71,Credit card,Member,Home and lifestyle,B,82.04
571,343-61-3544,1/29/2019,11:48,10,280.035,Cash,Member,Sports and travel,B,26.67
572,239-48-4278,3/10/2019,19:35,7,74.4555,Ewallet,Member,Food and beverages,A,10.13
573,355-34-6244,1/13/2019,19:55,2,152.019,Credit card,Normal,Food and beverages,B,72.39
574,550-84-8664,3/22/2019,14:33,5,451.0275,Credit card,Normal,Sports and travel,A,85.91
575,339-96-8318,3/1/2019,19:49,7,597.6285,Ewallet,Member,Fashion accessories,B,81.31
576,458-61-0011,2/20/2019,18:43,4,253.26,Cash,Normal,Food and beverages,B,60.3
577,592-34-6155,1/14/2019,14:43,4,133.434,Ewallet,Normal,Food and beverages,C,31.77
578,797-88-0493,3/26/2019,13:54,4,269.934,Cash,Normal,Health and beauty,A,64.27
579,207-73-1363,3/1/2019,12:15,2,145.971,Ewallet,Normal,Health and beauty,B,69.51
580,390-31-6381,1/7/2019,12:37,3,85.743,Cash,Normal,Food and beverages,C,27.22
581,443-82-0585,2/1/2019,19:54,4,326.256,Cash,Member,Health and beauty,A,77.68
582,339-18-7061,2/13/2019,15:06,2,195.258,Credit card,Member,Fashion accessories,C,92.98
583,359-90-3665,1/14/2019,18:03,4,75.936,Credit card,Member,Fashion accessories,B,18.08
584,375-72-3056,1/19/2019,15:58,3,198.639,Ewallet,Normal,Sports and travel,B,63.06
585,127-47-6963,3/9/2019,13:53,4,217.182,Credit card,Normal,Health and beauty,A,51.71
586,278-86-2735,3/27/2019,14:03,3,164.871,Cash,Normal,Food and beverages,A,52.34
587,695-28-6250,2/4/2019,16:38,5,226.065,Ewallet,Normal,Sports and travel,A,43.06
588,379-17-6588,3/14/2019,11:07,10,625.905,Cash,Normal,Fashion accessories,C,59.61
589,227-50-3718,3/4/2019,12:23,5,76.755,Cash,Normal,Health and beauty,A,14.62
590,302-15-2162,3/3/2019,10:54,6,293.139,Credit card,Member,Health and beauty,C,46.53
591,788-07-8452,1/27/2019,17:38,7,178.164,Ewallet,Member,Home and lifestyle,C,24.24
592,560-49-6611,2/7/2019,14:13,1,47.859,Cash,Member,Sports and travel,A,45.58
593,880-35-0356,2/5/2019,11:51,3,236.88,Ewallet,Member,Sports and travel,A,75.2
594,585-11-6748,3/15/2019,13:05,3,304.92,Cash,Member,Sports and travel,B,96.8
595,470-31-3286,3/1/2019,11:30,3,46.683,Credit card,Normal,Health and beauty,B,14.82
596,152-68-2907,2/15/2019,13:30,3,164.43,Credit card,Normal,Food and beverages,A,52.2
597,123-35-4896,2/17/2019,19:11,9,440.937,Ewallet,Normal,Sports and travel,C,46.66
598,258-69-7810,1/26/2019,18:53,5,193.4625,Cash,Normal,Fashion accessories,C,36.85
599,334-64-2006,3/24/2019,14:22,2,147.672,Ewallet,Member,Home and lifestyle,A,70.32
600,219-61-4139,1/23/2019,17:16,1,87.234,Ewallet,Normal,Electronic accessories,C,83.08
601,881-41-7302,1/26/2019,10:06,1,68.2395,Credit card,Normal,Fashion accessories,C,64.99
602,373-09-4567,3/14/2019,20:35,10,814.38,Ewallet,Normal,Food and beverages,C,77.56
603,642-30-6693,3/17/2019,13:54,6,343.413,Ewallet,Normal,Sports and travel,B,54.51
604,484-22-8230,1/8/2019,20:08,7,381.3915,Cash,Member,Fashion accessories,C,51.89
605,830-58-2383,2/8/2019,15:26,4,133.35,Cash,Normal,Home and lifestyle,B,31.75
606,559-98-9873,2/10/2019,12:56,7,394.3275,Ewallet,Member,Fashion accessories,A,53.65
607,544-32-5024,3/28/2019,19:16,4,209.118,Credit card,Member,Food and beverages,C,49.79
608,318-12-0304,1/23/2019,12:20,1,32.1405,Ewallet,Normal,Fashion accessories,A,30.61
609,349-97-8902,1/17/2019,10:37,2,121.569,Ewallet,Member,Food and beverages,B,57.89
610,421-95-9805,2/7/2019,10:18,1,30.408,Credit card,Normal,Electronic accessories,A,28.96
611,277-35-5865,3/9/2019,11:23,9,935.2665,Cash,Member,Food and beverages,C,98.97
612,789-23-8625,1/24/2019,11:45,3,293.643,Cash,Member,Fashion accessories,B,93.22
613,284-54-4231,1/19/2019,16:08,1,84.9765,Credit card,Member,Sports and travel,C,80.93
614,443-59-0061,2/3/2019,11:25,10,708.225,Ewallet,Member,Food and beverages,A,67.45
615,509-29-3912,3/20/2019,12:24,9,365.904,Ewallet,Member,Sports and travel,A,38.72
616,327-40-9673,1/13/2019,19:51,6,457.38,Cash,Member,Sports and travel,B,72.6
617,840-19-2096,3/14/2019,18:10,5,461.5275,Ewallet,Member,Electronic accessories,C,87.91
618,828-46-6863,1/23/2019,11:22,6,620.739,Credit card,Member,Food and beverages,A,98.53
619,641-96-3695,2/7/2019,17:55,6,273.798,Ewallet,Member,Fashion accessories,C,43.46
620,420-97-3340,3/28/2019,15:30,3,225.792,Credit card,Normal,Food and beverages,A,71.68
621,436-54-4512,3/20/2019,19:44,1,96.1905,Cash,Member,Food and beverages,A,91.61
622,670-79-6321,1/17/2019,15:27,7,695.2365,Credit card,Member,Home and lifestyle,B,94.59
623,852-62-7105,1/12/2019,11:25,10,874.125,Credit card,Normal,Fashion accessories,B,83.25
624,598-06-7312,2/16/2019,15:42,1,95.9175,Cash,Member,Fashion accessories,B,91.35
625,135-13-8269,1/26/2019,16:04,2,165.648,Cash,Member,Food and beverages,B,78.88
626,816-57-2053,3/9/2019,12:37,2,127.827,Ewallet,Normal,Sports and travel,A,60.87
627,628-90-8624,3/14/2019,14:41,10,867.09,Cash,Member,Health and beauty,B,82.58
628,856-66-2701,1/25/2019,14:19,3,167.895,Ewallet,Member,Home and lifestyle,A,53.3
629,308-39-1707,1/26/2019,18:19,1,12.6945,Credit card,Normal,Fashion accessories,A,12.09
630,149-61-1929,1/19/2019,14:08,10,673.995,Credit card,Normal,Sports and travel,A,64.19
631,655-07-2265,3/5/2019,16:38,3,246.6765,Ewallet,Normal,Electronic accessories,A,78.31
632,589-02-8023,1/15/2019,10:54,2,175.917,Credit card,Member,Food and beverages,A,83.77
633,420-04-7590,3/18/2019,11:29,3,314.055,Ewallet,Normal,Home and lifestyle,B,99.7
634,182-88-2763,3/20/2019,19:28,3,251.7165,Credit card,Member,Food and beverages,B,79.91
635,188-55-0967,1/15/2019,15:01,10,697.935,Credit card,Member,Health and beauty,B,66.47
636,610-46-4100,3/3/2019,20:31,7,212.7825,Credit card,Normal,Health and beauty,A,28.95
637,318-81-2368,3/19/2019,12:16,1,48.51,Cash,Normal,Electronic accessories,C,46.2
638,364-33-8584,3/8/2019,15:27,5,92.5575,Cash,Member,Food and beverages,B,17.63
639,665-63-9737,2/27/2019,17:36,3,165.123,Ewallet,Normal,Fashion accessories,B,52.42
640,695-09-5146,2/23/2019,20:00,3,311.1885,Ewallet,Member,Food and beverages,B,98.79
641,155-45-3814,3/19/2019,15:29,8,743.82,Ewallet,Member,Electronic accessories,C,88.55
642,794-32-2436,3/27/2019,15:08,2,116.907,Ewallet,Member,Electronic accessories,B,55.67
643,131-15-8856,3/30/2019,19:26,8,609.168,Credit card,Member,Food and beverages,C,72.52
644,273-84-2164,2/16/2019,15:53,5,63.2625,Ewallet,Member,Electronic accessories,C,12.05
645,706-36-6154,1/18/2019,18:43,9,182.952,Ewallet,Member,Home and lifestyle,A,19.36
646,778-89-7974,3/30/2019,14:58,6,442.323,Cash,Normal,Health and beauty,C,70.21
647,574-31-8277,3/20/2019,19:55,1,35.3115,Cash,Member,Fashion accessories,B,33.63
648,859-71-0933,1/16/2019,15:10,2,32.529,Cash,Member,Sports and travel,C,15.49
649,740-11-5257,2/24/2019,16:44,10,259.77,Cash,Normal,Electronic accessories,C,24.74
650,369-82-2676,1/15/2019,18:22,5,397.215,Ewallet,Normal,Electronic accessories,B,75.66
651,563-47-4072,1/22/2019,11:52,6,351.603,Cash,Normal,Health and beauty,B,55.81
652,742-04-5161,2/3/2019,17:24,10,764.19,Cash,Member,Home and lifestyle,A,72.78
653,149-15-7606,3/6/2019,15:31,9,352.674,Ewallet,Member,Sports and travel,B,37.32
654,133-77-3154,2/16/2019,18:04,4,252.756,Credit card,Member,Fashion accessories,B,60.18
655,169-52-4504,3/14/2019,14:13,3,49.4235,Credit card,Normal,Electronic accessories,A,15.69
656,250-81-7186,2/27/2019,10:23,1,104.6745,Credit card,Normal,Electronic accessories,C,99.69
657,562-12-5430,1/18/2019,10:11,3,277.6725,Ewallet,Member,Fashion accessories,A,88.15
658,816-72-8853,1/29/2019,15:48,5,146.6325,Cash,Member,Sports and travel,A,27.93
659,491-38-3499,2/26/2019,17:46,1,58.2225,Credit card,Member,Fashion accessories,A,55.45
660,322-02-2271,2/3/2019,11:46,3,135.3555,Cash,Normal,Sports and travel,B,42.97
661,842-29-4695,1/16/2019,12:07,7,125.979,Credit card,Member,Sports and travel,C,17.14
662,725-67-2480,3/24/2019,18:14,6,370.125,Credit card,Member,Fashion accessories,B,58.75
663,641-51-2661,2/12/2019,14:45,10,914.55,Credit card,Member,Food and beverages,C,87.1
664,714-02-3114,2/21/2019,11:39,2,207.48,Cash,Normal,Sports and travel,C,98.8
665,518-17-2983,2/4/2019,15:44,4,204.246,Ewallet,Normal,Fashion accessories,A,48.63
666,779-42-2410,2/20/2019,13:06,3,181.881,Ewallet,Member,Food and beverages,B,57.74
667,190-14-3147,2/23/2019,20:43,4,75.474,Ewallet,Normal,Health and beauty,B,17.97
668,408-66-6712,2/16/2019,14:19,6,300.573,Ewallet,Member,Health and beauty,C,47.71
669,679-22-6530,1/17/2019,10:01,2,85.302,Credit card,Normal,Sports and travel,B,40.62
670,588-47-8641,1/14/2019,19:30,10,588.42,Ewallet,Member,Fashion accessories,A,56.04
671,642-61-4706,3/30/2019,16:34,2,196.14,Cash,Member,Food and beverages,B,93.4
672,576-31-4774,3/2/2019,13:10,3,231.2415,Ewallet,Normal,Health and beauty,B,73.41
673,556-41-6224,2/15/2019,17:10,8,282.576,Credit card,Normal,Health and beauty,C,33.64
674,811-03-8790,3/1/2019,10:22,10,477.54,Credit card,Normal,Electronic accessories,A,45.48
675,242-11-3142,2/24/2019,19:57,2,175.917,Cash,Member,Fashion accessories,B,83.77
676,752-23-3760,2/19/2019,19:29,7,470.988,Credit card,Member,Sports and travel,B,64.08
677,274-05-5470,2/23/2019,18:30,4,308.574,Cash,Member,Food and beverages,A,73.47
678,648-94-3045,2/7/2019,14:27,10,618.975,Ewallet,Normal,Health and beauty,C,58.95
679,130-67-4723,1/11/2019,13:57,6,305.55,Ewallet,Member,Food and beverages,A,48.5
680,528-87-5606,2/12/2019,19:43,1,41.454,Cash,Member,Electronic accessories,B,39.48
681,320-85-2052,1/14/2019,10:11,1,36.5505,Credit card,Normal,Sports and travel,B,34.81
682,370-96-0655,1/9/2019,13:46,6,310.716,Ewallet,Normal,Fashion accessories,C,49.32
683,105-10-6182,2/27/2019,12:22,2,45.108,Ewallet,Member,Fashion accessories,A,21.48
684,510-79-0415,1/24/2019,19:20,6,145.404,Ewallet,Member,Sports and travel,B,23.08
685,241-96-5076,1/8/2019,12:58,2,103.11,Credit card,Member,Home and lifestyle,B,49.1
686,767-97-4650,1/8/2019,11:59,2,136.143,Credit card,Member,Sports and travel,B,64.83
687,648-83-1321,1/16/2019,17:59,10,667.38,Cash,Member,Home and lifestyle,A,63.56
688,173-57-2300,3/13/2019,12:51,2,153.048,Cash,Member,Sports and travel,C,72.88
689,305-03-2383,2/15/2019,10:36,3,211.365,Cash,Normal,Food and beverages,A,67.1
690,394-55-6384,1/25/2019,13:38,9,663.2955,Cash,Member,Sports and travel,C,70.19
691,266-20-6657,3/12/2019,19:39,7,404.544,Ewallet,Member,Food and beverages,C,55.04
692,689-05-1884,3/4/2019,12:44,10,510.615,Cash,Member,Health and beauty,A,48.63
693,196-01-2849,2/10/2019,13:56,7,539.343,Cash,Member,Fashion accessories,C,73.38
694,372-62-5264,1/16/2019,14:42,9,497.07,Cash,Normal,Food and beverages,C,52.6
695,800-09-8606,1/29/2019,19:45,5,458.6925,Cash,Member,Home and lifestyle,A,87.37
696,182-52-7000,1/1/2019,20:26,4,113.568,Ewallet,Member,Sports and travel,A,27.04
697,826-58-8051,1/6/2019,19:46,4,261.198,Ewallet,Normal,Home and lifestyle,B,62.19
698,868-06-0466,2/19/2019,19:38,9,657.531,Credit card,Member,Electronic accessories,A,69.58
699,751-41-9720,1/12/2019,16:18,10,1023.75,Ewallet,Normal,Home and lifestyle,C,97.5
700,626-43-7888,2/7/2019,12:23,8,507.444,Ewallet,Normal,Fashion accessories,C,60.41
701,176-64-7711,3/27/2019,19:11,3,101.808,Credit card,Normal,Food and beverages,B,32.32
702,191-29-0321,2/27/2019,18:57,10,207.585,Credit card,Member,Fashion accessories,B,19.77
703,729-06-2010,1/6/2019,11:18,9,760.4415,Cash,Member,Health and beauty,B,80.47
704,640-48-5028,3/2/2019,12:40,9,835.2855,Cash,Member,Home and lifestyle,B,88.39
705,186-79-9562,3/29/2019,14:06,7,527.5095,Cash,Normal,Health and beauty,B,71.77
706,834-45-5519,1/31/2019,20:48,4,180.6,Ewallet,Normal,Electronic accessories,B,43.0
707,162-65-8559,1/21/2019,20:13,1,72.429,Cash,Member,Food and beverages,C,68.98
708,760-27-5490,1/20/2019,20:37,8,131.208,Ewallet,Normal,Fashion accessories,C,15.62
709,445-30-9252,1/17/2019,17:59,3,80.955,Ewallet,Normal,Sports and travel,A,25.7
710,786-94-2700,2/28/2019,20:18,6,507.906,Cash,Member,Food and beverages,A,80.62
711,728-88-7867,3/19/2019,15:52,4,317.226,Ewallet,Member,Home and lifestyle,C,75.53
712,183-21-3799,2/19/2019,15:14,9,733.6035,Ewallet,Normal,Electronic accessories,C,77.63
713,268-20-3585,2/4/2019,12:50,9,130.8825,Ewallet,Normal,Health and beauty,C,13.85
714,735-32-9839,1/31/2019,10:36,8,829.08,Ewallet,Member,Fashion accessories,C,98.7
715,258-92-7466,2/6/2019,18:33,5,187.32,Credit card,Normal,Health and beauty,A,35.68
716,857-16-3520,3/28/2019,16:06,7,525.231,Ewallet,Member,Fashion accessories,A,71.46
717,482-17-1179,1/19/2019,12:47,3,37.611,Credit card,Member,Electronic accessories,A,11.94
718,788-21-5741,2/17/2019,13:34,3,142.947,Credit card,Normal,Fashion accessories,A,45.38
719,821-14-9046,1/18/2019,15:04,6,110.124,Credit card,Member,Fashion accessories,B,17.48
720,418-05-0656,2/2/2019,20:42,7,187.866,Cash,Normal,Fashion accessories,B,25.56
721,678-79-0726,1/18/2019,15:28,9,856.4535,Cash,Member,Sports and travel,C,90.63
722,776-68-1096,3/18/2019,13:45,3,138.978,Credit card,Normal,Home and lifestyle,B,44.12
723,592-46-1692,1/11/2019,20:10,7,270.2595,Cash,Member,Food and beverages,C,36.77
724,434-35-9162,2/4/2019,18:53,4,98.028,Ewallet,Member,Food and beverages,B,23.34
725,149-14-0304,2/6/2019,14:24,8,239.4,Cash,Member,Health and beauty,C,28.5
726,442-44-6497,1/8/2019,11:42,3,175.0455,Credit card,Member,Home and lifestyle,C,55.57
727,174-64-0215,3/5/2019,17:49,10,732.27,Credit card,Normal,Sports and travel,B,69.74
728,210-74-9613,3/16/2019,15:33,4,408.492,Ewallet,Normal,Fashion accessories,C,97.26
729,299-29-0180,3/9/2019,10:54,7,383.523,Cash,Member,Home and lifestyle,B,52.18
730,247-11-2470,3/1/2019,16:23,4,93.744,Credit card,Member,Fashion accessories,A,22.32
731,635-28-5728,2/28/2019,19:33,3,176.4,Ewallet,Normal,Health and beauty,A,56.0
732,756-49-0168,2/8/2019,11:39,1,20.685,Ewallet,Member,Fashion accessories,A,19.7
733,438-23-1242,1/24/2019,10:38,7,557.718,Ewallet,Normal,Electronic accessories,B,75.88
734,238-45-6950,3/1/2019,20:03,1,56.406,Ewallet,Member,Food and beverages,B,53.72
735,607-65-2441,3/10/2019,12:39,10,860.475,Credit card,Member,Health and beauty,C,81.95
736,386-27-7606,3/23/2019,15:59,7,596.82,Credit card,Member,Home and lifestyle,C,81.2
737,137-63-5492,1/29/2019,14:26,10,616.98,Ewallet,Normal,Electronic accessories,C,58.76
738,197-77-7132,1/12/2019,18:22,8,769.104,Ewallet,Member,Electronic accessories,B,91.56
739,805-86-0265,3/20/2019,11:32,9,887.922,Cash,Normal,Home and lifestyle,A,93.96
740,733-29-1227,3/23/2019,12:41,7,408.7335,Cash,Normal,Home and lifestyle,C,55.61
741,451-73-2711,1/14/2019,15:20,1,89.0715,Ewallet,Normal,Food and beverages,C,84.83
742,373-14-0504,2/12/2019,14:33,2,150.423,Ewallet,Member,Sports and travel,A,71.63
743,546-80-2899,2/20/2019,15:29,2,79.149,Ewallet,Member,Home and lifestyle,A,37.69
744,345-68-9016,1/2/2019,16:19,8,266.028,Credit card,Member,Sports and travel,C,31.67
745,390-17-5806,2/2/2019,16:33,1,40.341,Cash,Member,Food and beverages,C,38.42
746,457-13-1708,1/8/2019,19:07,10,684.915,Credit card,Member,Fashion accessories,B,65.23
747,664-14-2882,1/30/2019,14:43,5,55.2825,Credit card,Member,Home and lifestyle,C,10.53
748,487-79-6868,3/26/2019,19:28,9,116.1405,Credit card,Member,Home and lifestyle,B,12.29
749,314-23-4520,1/15/2019,20:44,7,597.0405,Cash,Member,Health and beauty,C,81.23
750,210-30-7976,3/14/2019,11:16,4,93.744,Ewallet,Member,Fashion accessories,B,22.32
751,585-86-8361,2/3/2019,10:31,5,143.22,Credit card,Normal,Food and beverages,A,27.28
752,807-14-7833,2/22/2019,12:30,10,182.91,Ewallet,Member,Electronic accessories,A,17.42
753,775-72-1988,1/24/2019,15:05,5,384.72,Ewallet,Normal,Home and lifestyle,B,73.28
754,288-38-3758,1/25/2019,18:30,3,267.3405,Ewallet,Member,Fashion accessories,C,84.87
755,652-43-6591,3/9/2019,13:18,8,817.236,Credit card,Normal,Fashion accessories,A,97.29
756,785-96-0615,2/17/2019,15:28,8,300.216,Ewallet,Member,Electronic accessories,B,35.74
757,406-46-7107,1/11/2019,11:52,6,608.076,Cash,Normal,Home and lifestyle,A,96.52
758,250-17-5703,2/27/2019,18:24,10,197.925,Ewallet,Member,Food and beverages,A,18.85
759,156-95-3964,3/25/2019,15:19,4,232.638,Ewallet,Normal,Food and beverages,A,55.39
760,842-40-8179,2/11/2019,10:38,10,810.6,Credit card,Member,Food and beverages,B,77.2
761,525-09-8450,1/31/2019,15:12,10,757.365,Credit card,Normal,Electronic accessories,B,72.13
762,410-67-1709,1/20/2019,17:48,8,536.592,Ewallet,Member,Fashion accessories,A,63.88
763,587-73-4862,3/26/2019,11:07,5,56.1225,Ewallet,Member,Health and beauty,A,10.69
764,787-87-2010,1/20/2019,15:48,4,233.1,Credit card,Member,Health and beauty,A,55.5
765,593-14-4239,3/5/2019,19:40,8,801.864,Ewallet,Normal,Home and lifestyle,B,95.46
766,801-88-0346,1/5/2019,20:30,3,239.589,Credit card,Normal,Fashion accessories,C,76.06
767,388-76-2555,2/13/2019,13:59,6,86.247,Cash,Normal,Sports and travel,B,13.69
768,711-31-1234,3/16/2019,18:51,4,401.688,Cash,Normal,Electronic accessories,B,95.64
769,886-54-6089,1/15/2019,17:24,6,72.009,Cash,Normal,Home and lifestyle,A,11.43
770,707-32-7409,2/26/2019,11:58,4,401.268,Ewallet,Member,Sports and travel,B,95.54
771,759-98-4285,2/27/2019,19:01,7,631.1445,Credit card,Member,Health and beauty,C,85.87
772,201-63-8275,2/17/2019,16:50,7,499.7265,Ewallet,Member,Sports and travel,C,67.99
773,471-06-8611,2/6/2019,10:22,1,55.041,Credit card,Normal,Food and beverages,C,52.42
774,200-16-5952,1/17/2019,16:46,2,137.865,Cash,Member,Food and beverages,C,65.65
775,120-54-2248,1/22/2019,18:08,5,151.515,Credit card,Normal,Food and beverages,B,28.86
776,102-77-2261,3/5/2019,18:02,7,480.0285,Credit card,Member,Health and beauty,C,65.31
777,875-31-8302,1/3/2019,13:07,1,98.049,Cash,Normal,Sports and travel,B,93.38
778,102-06-2002,3/20/2019,17:52,5,132.5625,Cash,Member,Sports and travel,C,25.25
779,457-94-0464,1/31/2019,20:32,9,830.3715,Ewallet,Member,Electronic accessories,B,87.87
780,629-42-4133,2/19/2019,19:24,8,183.12,Cash,Normal,Health and beauty,C,21.8
781,534-53-3526,2/11/2019,16:06,4,397.992,Ewallet,Normal,Sports and travel,A,94.76
782,307-04-2070,2/5/2019,14:14,1,32.151,Credit card,Member,Fashion accessories,A,30.62
783,468-99-7231,3/3/2019,17:36,8,369.684,Cash,Normal,Home and lifestyle,C,44.01
784,516-77-6464,2/24/2019,13:08,5,53.34,Ewallet,Member,Health and beauty,C,10.16
785,404-91-5964,2/4/2019,16:09,7,548.163,Credit card,Normal,Electronic accessories,A,74.58
786,886-77-9084,2/19/2019,11:33,8,603.876,Ewallet,Normal,Electronic accessories,C,71.89
787,790-38-4466,1/23/2019,10:18,5,57.6975,Credit card,Normal,Health and beauty,C,10.99
788,704-10-4056,1/14/2019,10:55,3,190.4805,Credit card,Member,Health and beauty,C,60.47
789,497-37-6538,1/17/2019,15:15,7,432.9885,Ewallet,Normal,Sports and travel,A,58.91
790,651-96-5970,3/3/2019,20:06,1,48.7305,Credit card,Normal,Fashion accessories,A,46.41
791,400-80-4065,2/15/2019,20:21,4,287.91,Credit card,Member,Health and beauty,C,68.55
792,744-16-7898,1/15/2019,13:48,10,1022.385,Credit card,Normal,Home and lifestyle,B,97.37
793,263-12-5321,2/27/2019,12:52,7,680.61,Credit card,Member,Electronic accessories,A,92.6
794,702-72-0487,2/26/2019,12:28,2,97.881,Credit card,Normal,Electronic accessories,A,46.61
795,605-83-1050,3/15/2019,16:26,2,57.078,Ewallet,Normal,Fashion accessories,B,27.18
796,443-60-9639,1/24/2019,13:24,1,63.9135,Cash,Member,Home and lifestyle,C,60.87
797,864-24-7918,2/22/2019,15:15,10,257.145,Cash,Member,Sports and travel,A,24.49
798,359-94-5395,3/15/2019,10:50,1,97.419,Credit card,Normal,Health and beauty,B,92.78
799,401-09-4232,2/11/2019,18:38,5,455.1225,Ewallet,Member,Home and lifestyle,C,86.69
800,751-15-6198,1/12/2019,16:45,6,144.963,Ewallet,Normal,Sports and travel,B,23.01
801,324-41-6833,3/3/2019,19:30,8,253.68,Ewallet,Member,Electronic accessories,C,30.2
802,474-33-8305,3/23/2019,13:23,7,495.3165,Ewallet,Member,Fashion accessories,C,67.39
803,759-29-9521,3/4/2019,11:27,9,462.672,Cash,Member,Fashion accessories,A,48.96
804,831-81-6575,2/23/2019,11:12,9,714.3255,Cash,Member,Electronic accessories,B,75.59
805,220-68-6701,3/17/2019,16:36,4,325.374,Cash,Normal,Home and lifestyle,A,77.47
806,618-34-8551,1/16/2019,18:41,2,195.678,Credit card,Normal,Sports and travel,A,93.18
807,257-60-7754,1/8/2019,17:12,4,210.966,Cash,Normal,Electronic accessories,A,50.23
808,559-61-5987,1/14/2019,10:38,1,18.6375,Cash,Normal,Health and beauty,B,17.75
809,189-55-2313,1/31/2019,10:33,10,652.89,Ewallet,Normal,Fashion accessories,C,62.18
810,565-91-4567,3/15/2019,14:38,8,90.3,Ewallet,Normal,Health and beauty,B,10.75
811,380-60-5336,2/24/2019,18:06,10,422.73,Credit card,Normal,Electronic accessories,A,40.26
812,815-04-6282,2/8/2019,12:52,5,341.0925,Credit card,Member,Sports and travel,C,64.97
813,674-56-6360,3/22/2019,14:00,1,99.9075,Cash,Normal,Electronic accessories,A,95.15
814,778-34-2523,1/24/2019,10:57,8,408.408,Cash,Member,Electronic accessories,A,48.62
815,499-27-7781,3/14/2019,16:45,8,446.964,Ewallet,Normal,Food and beverages,B,53.21
816,477-59-2456,1/23/2019,11:15,7,333.984,Cash,Normal,Fashion accessories,C,45.44
817,832-51-6761,1/19/2019,20:29,8,284.592,Ewallet,Normal,Food and beverages,A,33.88
818,869-11-3082,1/27/2019,20:03,4,403.872,Credit card,Member,Health and beauty,B,96.16
819,190-59-3964,2/3/2019,14:35,5,247.59,Credit card,Member,Food and beverages,B,47.16
820,366-43-6862,3/25/2019,16:32,4,222.138,Ewallet,Normal,Electronic accessories,B,52.89
821,186-43-8965,2/24/2019,10:10,2,100.128,Credit card,Member,Home and lifestyle,A,47.68
822,784-21-9238,2/7/2019,14:15,1,10.6785,Cash,Member,Sports and travel,C,10.17
823,276-75-6884,3/4/2019,10:05,3,216.4365,Cash,Normal,Health and beauty,A,68.71
824,109-86-4363,2/14/2019,11:36,7,441.588,Credit card,Member,Sports and travel,B,60.08
825,569-76-2760,1/29/2019,18:15,4,92.442,Credit card,Member,Sports and travel,A,22.01
826,222-42-0244,1/28/2019,13:53,9,681.4395,Credit card,Member,Health and beauty,B,72.11
827,760-53-9233,3/26/2019,18:37,3,130.032,Credit card,Member,Fashion accessories,A,41.28
828,538-22-0304,3/24/2019,18:27,10,681.975,Cash,Normal,Electronic accessories,C,64.95
829,416-17-9926,1/1/2019,14:42,10,779.31,Credit card,Member,Electronic accessories,A,74.22
830,237-44-6163,1/24/2019,17:43,8,88.704,Cash,Normal,Electronic accessories,A,10.56
831,636-17-0325,2/25/2019,18:37,4,262.794,Cash,Normal,Health and beauty,B,62.57
832,343-75-9322,1/9/2019,16:34,8,99.54,Cash,Member,Sports and travel,B,11.85
833,528-14-9470,2/14/2019,14:42,1,95.865,Ewallet,Member,Health and beauty,A,91.3
834,427-45-9297,3/12/2019,11:01,7,299.3655,Ewallet,Member,Home and lifestyle,B,40.73
835,807-34-3742,3/26/2019,19:44,1,54.999,Cash,Normal,Fashion accessories,A,52.38
836,288-62-1085,1/9/2019,13:34,5,202.335,Ewallet,Member,Fashion accessories,A,38.54
837,670-71-7306,1/2/2019,20:08,6,281.169,Credit card,Normal,Sports and travel,B,44.63
838,660-29-7083,1/15/2019,15:01,10,586.635,Cash,Normal,Electronic accessories,C,55.87
839,271-77-8740,1/1/2019,11:40,6,184.086,Ewallet,Member,Sports and travel,C,29.22
840,497-36-0989,2/15/2019,15:21,3,163.611,Cash,Normal,Fashion accessories,A,51.94
841,291-59-1384,2/28/2019,17:38,1,63.315,Cash,Normal,Electronic accessories,B,60.3
842,860-73-6466,3/2/2019,16:16,2,82.887,Credit card,Member,Sports and travel,A,39.47
843,549-23-9016,2/13/2019,18:15,2,31.227,Credit card,Member,Food and beverages,C,14.87
844,896-34-0956,1/26/2019,12:43,1,22.386,Cash,Normal,Fashion accessories,A,21.32
845,804-38-3935,1/30/2019,11:32,3,295.407,Credit card,Member,Electronic accessories,A,93.78
846,585-90-0249,1/27/2019,18:08,1,76.923,Ewallet,Member,Electronic accessories,A,73.26
847,862-29-5914,1/30/2019,17:08,1,23.499,Credit card,Normal,Sports and travel,C,22.38
848,845-94-6841,1/8/2019,19:38,9,688.716,Cash,Member,Food and beverages,C,72.88
849,125-45-2293,1/19/2019,13:11,6,624.33,Cash,Normal,Fashion accessories,A,99.1
850,843-73-4724,1/25/2019,11:05,1,77.805,Cash,Normal,Fashion accessories,A,74.1
851,409-33-9708,2/19/2019,10:12,2,206.808,Ewallet,Normal,Fashion accessories,A,98.48
852,658-66-3967,1/14/2019,15:42,7,390.9465,Ewallet,Normal,Health and beauty,C,53.19
853,866-70-2814,2/25/2019,11:58,10,554.295,Ewallet,Normal,Electronic accessories,B,52.79
854,160-22-2687,1/23/2019,14:21,5,503.7375,Ewallet,Member,Health and beauty,A,95.95
855,895-03-6665,2/16/2019,10:52,9,345.0195,Cash,Normal,Fashion accessories,B,36.51
856,770-42-8960,1/1/2019,19:31,8,177.408,Cash,Normal,Food and beverages,B,21.12
857,748-45-2862,3/7/2019,18:35,4,118.902,Cash,Member,Home and lifestyle,A,28.31
858,234-36-2483,2/15/2019,13:51,6,362.817,Cash,Normal,Health and beauty,B,57.59
859,316-66-3011,1/23/2019,12:35,9,450.1035,Cash,Member,Food and beverages,A,47.63
860,848-95-6252,2/20/2019,13:24,1,90.5835,Ewallet,Member,Home and lifestyle,C,86.27
861,840-76-5966,1/8/2019,18:06,2,26.796,Ewallet,Member,Sports and travel,A,12.76
862,152-03-4217,3/17/2019,11:55,9,106.596,Credit card,Normal,Home and lifestyle,B,11.28
863,533-66-5566,1/12/2019,11:42,7,375.3645,Cash,Normal,Home and lifestyle,B,51.07
864,124-31-1458,1/8/2019,14:30,3,250.7085,Cash,Member,Electronic accessories,A,79.59
865,176-78-1170,1/26/2019,15:11,3,106.5015,Ewallet,Member,Health and beauty,C,33.81
866,361-59-0574,3/15/2019,14:48,8,760.452,Credit card,Member,Sports and travel,B,90.53
867,101-81-4070,1/17/2019,12:36,2,131.922,Ewallet,Member,Health and beauty,C,62.82
868,631-34-1880,1/8/2019,19:09,3,76.5765,Credit card,Member,Food and beverages,C,24.31
869,852-82-2749,1/6/2019,13:35,4,271.278,Ewallet,Normal,Sports and travel,A,64.59
870,873-14-6353,2/16/2019,10:33,7,182.427,Credit card,Member,Food and beverages,A,24.82
871,584-66-4073,3/13/2019,15:45,1,59.325,Ewallet,Normal,Fashion accessories,C,56.5
872,544-55-9589,1/28/2019,11:51,10,225.015,Cash,Member,Electronic accessories,B,21.43
873,166-19-2553,1/18/2019,17:26,6,561.078,Cash,Member,Sports and travel,A,89.06
874,737-88-5876,3/19/2019,11:52,4,97.818,Credit card,Member,Home and lifestyle,A,23.29
875,154-87-7367,3/15/2019,14:04,8,548.184,Ewallet,Normal,Home and lifestyle,C,65.26
876,885-56-0389,2/12/2019,17:49,1,54.9675,Cash,Member,Fashion accessories,C,52.35
877,608-05-3804,2/25/2019,20:19,1,41.7375,Cash,Member,Electronic accessories,B,39.75
878,448-61-3783,3/21/2019,16:08,8,756.168,Credit card,Normal,Electronic accessories,A,90.02
879,761-49-0439,1/19/2019,10:17,8,101.64,Ewallet,Member,Electronic accessories,B,12.1
880,490-95-0021,1/8/2019,14:25,10,348.705,Ewallet,Member,Food and beverages,B,33.21
881,115-38-7388,3/30/2019,12:51,8,85.512,Credit card,Member,Fashion accessories,C,10.18
882,311-13-6971,2/20/2019,15:18,10,335.895,Credit card,Member,Sports and travel,B,31.99
883,291-55-6563,3/30/2019,12:45,6,216.846,Ewallet,Member,Home and lifestyle,A,34.42
884,548-48-3156,3/19/2019,13:37,2,175.014,Cash,Member,Food and beverages,A,83.34
885,460-93-5834,1/13/2019,10:03,7,335.013,Cash,Normal,Sports and travel,A,45.58
886,325-89-4209,2/5/2019,19:42,1,92.295,Ewallet,Member,Food and beverages,A,87.9
887,884-80-6021,3/23/2019,13:14,10,771.435,Ewallet,Member,Electronic accessories,A,73.47
888,137-74-8729,3/13/2019,12:47,8,102.396,Ewallet,Normal,Fashion accessories,C,12.19
889,880-46-5796,3/17/2019,19:53,10,807.66,Ewallet,Member,Sports and travel,A,76.92
890,389-70-2397,2/21/2019,10:26,5,439.215,Cash,Normal,Health and beauty,C,83.66
891,114-35-5271,2/7/2019,15:06,8,486.444,Cash,Normal,Electronic accessories,B,57.91
892,607-76-6216,3/2/2019,16:35,5,485.5725,Credit card,Member,Fashion accessories,C,92.49
893,715-20-1673,3/6/2019,20:57,5,148.995,Cash,Normal,Electronic accessories,B,28.38
894,811-35-1094,2/6/2019,15:16,6,317.835,Credit card,Member,Electronic accessories,B,50.45
895,699-88-1972,1/28/2019,17:47,8,832.944,Credit card,Normal,Health and beauty,B,99.16
896,781-84-8059,1/18/2019,16:23,7,446.439,Ewallet,Normal,Fashion accessories,C,60.74
897,409-49-6995,2/5/2019,10:17,6,297.801,Cash,Member,Food and beverages,C,47.27
898,725-54-0677,3/2/2019,13:50,7,629.16,Cash,Member,Health and beauty,C,85.6
899,146-09-5432,2/9/2019,19:17,9,331.128,Ewallet,Member,Food and beverages,A,35.04
900,377-79-7592,1/14/2019,14:00,9,423.738,Credit card,Member,Electronic accessories,C,44.84
901,509-10-0516,2/9/2019,12:02,4,193.074,Ewallet,Normal,Home and lifestyle,B,45.97
902,595-94-9924,3/26/2019,20:21,5,145.5825,Credit card,Member,Health and beauty,A,27.73
903,865-41-9075,1/28/2019,17:35,7,84.7455,Cash,Normal,Food and beverages,A,11.53
904,545-07-8534,2/14/2019,12:42,2,122.472,Ewallet,Normal,Health and beauty,C,58.32
905,118-62-1812,3/24/2019,17:56,4,329.196,Cash,Member,Home and lifestyle,C,78.38
906,450-42-3339,2/9/2019,18:58,10,888.405,Credit card,Normal,Health and beauty,C,84.61
907,851-98-3555,3/24/2019,14:08,5,435.12,Credit card,Normal,Health and beauty,B,82.88
908,186-71-5196,3/27/2019,16:30,2,167.034,Ewallet,Member,Food and beverages,A,79.54
909,624-01-8356,1/27/2019,10:44,10,514.605,Credit card,Normal,Home and lifestyle,B,49.01
910,313-66-9943,3/27/2019,20:29,3,91.8225,Credit card,Member,Food and beverages,B,29.15
911,151-27-8496,1/19/2019,11:43,4,235.746,Ewallet,Normal,Electronic accessories,C,56.13
912,453-33-6436,2/7/2019,10:09,8,782.208,Cash,Normal,Home and lifestyle,A,93.12
913,522-57-8364,1/31/2019,10:00,8,431.256,Ewallet,Member,Fashion accessories,A,51.34
914,459-45-2396,2/25/2019,18:45,3,313.74,Cash,Member,Food and beverages,A,99.6
915,717-96-4189,2/2/2019,12:40,6,223.587,Cash,Normal,Electronic accessories,C,35.49
916,722-13-2115,3/14/2019,15:36,1,44.9925,Credit card,Member,Sports and travel,C,42.85
917,749-81-8133,3/11/2019,12:04,4,397.614,Cash,Normal,Fashion accessories,A,94.67
918,777-67-2495,2/22/2019,11:26,3,217.2555,Ewallet,Normal,Home and lifestyle,B,68.97
919,636-98-3364,3/2/2019,12:36,3,82.719,Ewallet,Member,Electronic accessories,B,26.26
920,246-55-6923,3/10/2019,15:06,9,338.2155,Credit card,Member,Home and lifestyle,C,35.79
921,181-82-6255,2/8/2019,10:58,6,103.131,Cash,Normal,Home and lifestyle,B,16.37
922,838-02-1821,2/22/2019,12:10,2,26.733,Credit card,Member,Home and lifestyle,C,12.73
923,887-42-0517,1/10/2019,10:31,7,611.079,Credit card,Normal,Sports and travel,C,83.14
924,457-12-0244,3/14/2019,13:49,6,221.886,Ewallet,Member,Sports and travel,C,35.22
925,226-34-0034,1/10/2019,11:10,4,57.876,Ewallet,Normal,Electronic accessories,B,13.78
926,321-49-7382,2/15/2019,17:38,1,92.7255,Credit card,Member,Sports and travel,B,88.31
927,397-25-8725,1/13/2019,17:54,9,374.409,Credit card,Member,Health and beauty,A,39.62
928,431-66-2305,2/15/2019,20:51,9,833.9625,Credit card,Normal,Electronic accessories,B,88.25
929,825-94-5922,3/2/2019,19:26,2,53.151,Ewallet,Normal,Sports and travel,B,25.31
930,641-62-7288,3/24/2019,13:33,6,629.496,Ewallet,Normal,Home and lifestyle,B,99.92
931,756-93-1854,2/2/2019,14:05,2,175.035,Credit card,Member,Fashion accessories,C,83.35
932,243-55-8457,2/27/2019,11:40,10,781.62,Ewallet,Normal,Food and beverages,A,74.44
933,458-10-8612,1/20/2019,12:27,7,470.988,Ewallet,Normal,Health and beauty,C,64.08
934,501-61-1753,1/3/2019,20:24,6,397.845,Ewallet,Normal,Home and lifestyle,B,63.15
935,235-06-8510,1/24/2019,20:59,3,270.018,Ewallet,Member,Home and lifestyle,C,85.72
936,433-08-7822,1/5/2019,19:48,7,579.8415,Ewallet,Normal,Health and beauty,C,78.89
937,361-85-2571,3/30/2019,10:18,5,469.77,Cash,Normal,Sports and travel,A,89.48
938,131-70-8179,2/17/2019,16:27,3,290.0835,Cash,Member,Health and beauty,A,92.09
939,500-02-2261,3/21/2019,17:04,6,360.927,Ewallet,Normal,Food and beverages,C,57.29
940,720-72-2436,3/2/2019,18:14,4,279.384,Ewallet,Normal,Food and beverages,A,66.52
941,702-83-5291,3/27/2019,10:43,9,943.299,Cash,Member,Fashion accessories,C,99.82
942,809-69-9497,1/19/2019,19:30,10,479.64,Ewallet,Normal,Home and lifestyle,A,45.68
943,449-16-6770,2/19/2019,14:53,5,266.6475,Credit card,Normal,Health and beauty,A,50.79
944,333-23-2632,3/28/2019,20:14,7,74.088,Cash,Member,Health and beauty,A,10.08
945,489-82-1237,1/5/2019,11:51,7,690.018,Credit card,Normal,Electronic accessories,A,93.88
946,859-97-6048,3/26/2019,14:13,2,176.925,Credit card,Member,Electronic accessories,C,84.25
947,676-10-2200,2/3/2019,20:13,1,56.469,Ewallet,Member,Fashion accessories,B,53.78
948,373-88-1424,2/6/2019,18:44,5,188.0025,Ewallet,Member,Home and lifestyle,C,35.81
949,365-16-4334,2/24/2019,14:26,8,222.012,Ewallet,Normal,Food and beverages,B,26.43
950,503-21-4385,2/21/2019,12:40,3,125.7165,Ewallet,Member,Health and beauty,B,39.91
951,305-89-2768,1/9/2019,18:43,3,68.985,Ewallet,Member,Home and lifestyle,B,21.9
952,574-80-1489,2/25/2019,13:22,4,263.97,Ewallet,Member,Food and beverages,B,62.85
953,784-08-0310,1/13/2019,13:58,4,88.368,Cash,Member,Food and beverages,C,21.04
954,200-40-6154,2/9/2019,11:45,6,415.233,Cash,Member,Home and lifestyle,B,65.91
955,846-10-0341,1/6/2019,11:51,7,312.8895,Cash,Normal,Fashion accessories,A,42.57
956,577-34-7579,1/10/2019,17:16,9,477.1305,Cash,Member,Food and beverages,C,50.49
957,430-02-3888,2/7/2019,15:55,6,289.926,Cash,Normal,Electronic accessories,B,46.02
958,867-47-1948,1/9/2019,12:07,10,165.9,Cash,Normal,Home and lifestyle,C,15.8
959,384-59-6655,2/19/2019,15:07,9,932.337,Cash,Member,Food and beverages,A,98.66
960,256-58-3609,3/18/2019,15:29,1,96.579,Cash,Member,Fashion accessories,C,91.98
961,324-92-3863,2/5/2019,18:45,2,43.869,Cash,Member,Electronic accessories,A,20.89
962,593-08-5916,3/19/2019,15:23,1,16.275,Credit card,Normal,Fashion accessories,A,15.5
963,364-34-2972,3/30/2019,20:37,3,304.983,Cash,Member,Electronic accessories,C,96.82
964,794-42-3736,1/26/2019,14:41,2,69.993,Credit card,Normal,Food and beverages,B,33.33
965,172-42-8274,3/2/2019,18:18,2,80.367,Credit card,Normal,Electronic accessories,B,38.27
966,558-60-5016,3/4/2019,15:27,9,314.685,Ewallet,Normal,Home and lifestyle,A,33.3
967,195-06-0432,1/13/2019,12:55,3,255.1815,Credit card,Member,Home and lifestyle,A,81.01
968,605-03-2706,3/25/2019,18:02,3,49.77,Cash,Normal,Health and beauty,A,15.8
969,214-30-2776,3/11/2019,19:44,5,181.0725,Credit card,Member,Electronic accessories,B,34.49
970,746-04-1077,1/1/2019,11:36,10,888.615,Credit card,Member,Food and beverages,B,84.63
971,448-34-8700,2/10/2019,13:51,7,271.2885,Ewallet,Member,Home and lifestyle,B,36.91
972,452-04-8808,1/26/2019,15:17,7,640.038,Cash,Normal,Electronic accessories,B,87.08
973,531-56-4728,2/11/2019,15:29,3,252.252,Cash,Normal,Home and lifestyle,A,80.08
974,744-82-9138,2/7/2019,17:59,2,180.873,Cash,Normal,Fashion accessories,C,86.13
975,883-69-1285,3/6/2019,11:55,2,104.832,Credit card,Member,Fashion accessories,B,49.92
976,221-25-5073,3/4/2019,10:39,4,313.572,Cash,Normal,Food and beverages,A,74.66
977,518-71-6847,2/26/2019,15:10,6,167.58,Ewallet,Member,Food and beverages,B,26.6
978,156-20-0370,3/10/2019,18:10,1,26.7225,Credit card,Normal,Electronic accessories,B,25.45
979,151-33-7434,2/4/2019,20:43,1,71.1585,Credit card,Normal,Food and beverages,B,67.77
980,728-47-9078,1/19/2019,12:46,4,250.278,Cash,Member,Food and beverages,C,59.59
981,809-46-1866,1/23/2019,17:44,4,244.23,Cash,Normal,Health and beauty,A,58.15
982,139-32-4183,3/14/2019,14:19,9,921.186,Ewallet,Member,Sports and travel,A,97.48
983,148-41-7930,1/23/2019,10:33,7,734.706,Cash,Normal,Health and beauty,C,99.96
984,189-40-5216,1/9/2019,11:40,7,708.3195,Cash,Normal,Electronic accessories,C,96.37
985,374-38-5555,2/7/2019,19:30,5,334.4775,Ewallet,Normal,Fashion accessories,B,63.71
986,764-44-8999,2/18/2019,14:42,2,30.996,Ewallet,Normal,Health and beauty,B,14.76
987,552-44-5977,1/3/2019,19:08,8,520.8,Credit card,Member,Health and beauty,B,62.0
988,267-62-7380,3/29/2019,19:12,10,864.57,Ewallet,Member,Electronic accessories,C,82.34
989,430-53-4718,1/28/2019,15:46,8,633.108,Credit card,Member,Health and beauty,B,75.37
990,886-18-2897,3/22/2019,19:06,5,296.94,Credit card,Normal,Food and beverages,A,56.56
991,602-16-6955,1/24/2019,18:10,10,804.3,Ewallet,Normal,Sports and travel,B,76.6
992,745-74-0715,3/10/2019,20:46,2,121.863,Ewallet,Normal,Electronic accessories,A,58.03
993,690-01-6631,2/22/2019,18:35,10,183.645,Ewallet,Normal,Fashion accessories,B,17.49
994,652-49-6720,2/18/2019,11:40,1,63.9975,Ewallet,Member,Electronic accessories,C,60.95
995,233-67-5758,1/29/2019,13:46,1,42.3675,Ewallet,Normal,Health and beauty,C,40.35
996,303-96-2227,3/2/2019,17:16,10,1022.49,Ewallet,Normal,Home and lifestyle,B,97.38
997,727-02-1313,2/9/2019,13:22,1,33.432,Cash,Member,Food and beverages,A,31.84
998,347-56-2442,2/22/2019,15:33,1,69.111,Cash,Normal,Home and lifestyle,A,65.82
999,849-09-3807,2/18/2019,13:28,7,649.299,Cash,Member,Fashion accessories,A,88.34
